RegionCode,RegionOperatorCode,ServiceCode,LineName,Description,StartDate
W,ACYM,AAAO062C,62C,Bangor-Cemaes,21/05/2017
W,ACYM,ACAO004A,4A,Bangor-HolyheadviaLlangefni,21/05/2017
W,ACYM,ACAO005S,5S,Bangor-Caernarfon,01/04/2012
W,ACYM,ACAO012A,12A,Wrexham-Brymbo,08/11/2015
W,ACYM,ACAO067A,67A,Bangor-GerlanviaBethesda,21/05/2017
W,ACYM,ACAO078,78,BangorBusStation-MaesgeirchenCircular,21/05/2017
W,ACYM,ACAO541,541,ColegMenai-ParcMenai,21/05/2017
W,1CTL,CMBL026,L26,Dafen-YsgolStrade,02/09/2014
W,ACYM,ACAO006B,6B,Bangor-Gerlan,22/05/2011
W,ACYM,ACAO023,23,OldColwyn-OldColwynviaBrynCadnoCommunityCentre,21/05/2017
W,ACYM,ACAO044A,44A,Bangor-Holyhead,03/07/2016
W,ACYM,ACAO067B,67B,Gerlan-BangorviaBethesda,21/05/2017
W,ACYM,ACAO067C,67C,Bangor-GerlanviaBethesda,21/05/2017
W,ACYM,ACAO078A,78A,BangorBusStation-Maesgeirchen,08/10/2017
W,ACYM,ACDO014,14,WrexhamBusStation-Brymbo,24/04/2016
W,ACYM,ADAO011X,11X,Rhyl-Holywell,28/05/2017
W,ACYM,ANAO024,24,Holyhead-HolyheadviaMorawelon,21/05/2017
W,ACYM,DGAO051S,51S,Rhyl-Denbigh,03/09/2017
W,ACYM,FLAX004,X4,Chester-Mold,05/06/2017
W,ACYM,GYCO075,75,Maesgeirchen-ParcMenai,21/05/2017
W,ACYM,MGAO084A,84A,Rhyl-RhylCircular,26/03/2017
W,ACYM,MGYO003,3,Pwllheli-Porthmadog,01/11/2015
W,ACYM,WRAO011A,11A,Wrexham-Minerva,25/06/2017
W,AMID,WRCO002,2,Wrexham-OswestryviaLodgevale,14/08/2014
W,ANSL,GWAO046,46,Abergavenny-AbergavennyviaKnollEstate,04/09/2015
W,ANSL,MGAW004,W4,MonmouthBusStation-MonmouthBusStationviaOsbaston,29/03/2016
W,BERW,GYBO017B,17B,Pwllheli-Aberdaron,21/08/2013
W,CBUS,CBAM002A,M2A,AlbanyRoad-CardiffMETLlandaff,17/09/2017
W,CBUS,CBAO063,63,Cardiff-RadyrandMorganstown,03/09/2017
W,CBUS,CBAO092,92,Cardiff-Barry,03/09/2017
W,CBUS,CBAO092B,92B,Cardiff-Barry,03/09/2017
W,CBUS,CBAO093S,93S,Cardiff-StCyresSchoolviaFerryRoad,01/05/2017
W,CBUS,CBAO095B,95B,Cardiff-Penarth(Circular),04/06/2017
W,CBUS,CBBO100,100,MerthyrDyfan-HighlightParkviaBarry,09/04/2017
W,CBUS,CBKO044,44,CardiffCityCentre-StMellons,05/06/2017
W,CBUS,MGZO030,30,Newport-Cardiff,01/05/2017
W,CCCL,CWAO077,77,Rowen-Conwy,12/02/2015
W,CELT,PWBX047,X47,LlandrindodWells-LlanidloesviaRhayader,27/05/2017
W,CLTR,ANAO389A,389A,Dwyran-YsgolDavidHughes,04/07/2014
W,ACYM,ACAO004,4,Holyhead-BangorviaLlangefni,21/05/2017
W,ACYM,ACAO005C,5C,Bangor-Caernarfon,21/05/2017
W,ACYM,ACAO007,7,Wrexham-WrexhamviaQueensPark,08/11/2015
W,ACYM,ACAX004,X4,Bangor-HolyheadviaLlangefni,21/05/2017
W,ACYM,ACBO005B,5B,Bangor-Caernarfon,21/05/2017
W,ACYM,ACBO014A,14A,Wrexham-Brymbo,27/09/2013
W,ACYM,ACCO021A,21A,WrexhamBusStation-SummerHillCircular,25/06/2017
W,ACYM,ANAO058,58,Bangor-Glanrafon,30/10/2016
W,ACYM,ANAO058,58,Bangor-Glanrafon,08/10/2017
W,ACYM,AWAO001,1,Wrexham-Chester,25/06/2017
W,ACYM,DGAO051,51,Rhyl-Denbigh,03/09/2017
W,ACYM,FLAO003A,3A,Chester-Mold,05/06/2017
W,ACYM,MGZO084,84,Rhyl-RhylCircular,26/03/2017
W,ACYM,WRAO004,4,Wrexham-WrexhamviaAfoneitha,25/06/2017
W,ACYM,WREO010,10,Wrexham-Minera,15/10/2013
W,BERW,GYCO023,23,Pwllheli-PwllheliviaYsgolCymerau,16/10/2014
W,CACB,CBAO065,65,"CardiffCityCentre-St.MellonsviaFairwater,Whitchurch,HeathHospital,Llanrumney",05/06/2017
W,CACH,SMASC01,SC1,Barry-Penarth,05/09/2016
W,CATC,GYCO099A,99A,Croesor-Porthmadog,01/12/2011
W,CBUS,CBAO028A,28A,"CardiffCityCentre-CardiffCityCentreCircularviaFishguardRd,Thornhill,FidlasRd",05/06/2017
W,CBUS,CBAO041,41,Pontprennau-CardiffandtheValeCollege,02/08/2015
W,CBUS,CBAO052,52,Cardiff-Cyncoed,17/09/2017
W,CBUS,CBAO614,614,Broadway-St.Teilo'sHighSchool,05/04/2015
W,CBUS,CBAO615,615,Roath-YsgolGlantafviaHeath,05/04/2015
W,CBUS,CBFO017,17,"CardiffCityCentre-CardiffCityCentreviaCanton,HeolTrelai,GrandAvenue",05/06/2017
W,CBUS,CBIO057,57,"CardiffCityCentre-PontprennauviaAlbanyRoad,Llanedeyrn,Hollybush,Pentwyn",05/06/2017
W,CBUS,CBJO023,23,Cardiff-Cardiff,03/09/2017
W,CBUS,CBKO049,49,Cardiff-Llanrumney,03/09/2017
W,CELT,PWAX011,X11,BuilthWells-Ludlow,31/07/2017
W,CELT,PWAX014,X14,BuilthWells-CarmarthenviaLlanwrtydWells,31/07/2017
W,CELT,PWAX075,X75,"Llanidloes-ShrewsburyviaNewtown,Welshpool",22/05/2014
W,CLTR,ANAO466,466,Glanrafon-YsgolDavisHughes,04/07/2014
W,CON2,CPAC001,C1,"NelsonBusStation-Coop(Nelson)viaAvrilEstate,GreenacreEstate",26/05/2015
W,CRTX,PWAT049,T49,Llanbedr-Crickhowell,09/08/2010
W,DCOL,CMAA012,A12,GlanamanSquare-AmmanfordBusStation,02/09/2015
W,DJNS,WRAO010,10,Wrexham-GwynfrynviaBwlchgwyn,31/07/2011
W,DVPA,NPBO161,161,Neath-MinyrAwel,12/09/2016
W,DVPA,SWEO142,142,Morriston-Garnswllt,03/01/2017
W,EAPE,SMAO032A,32A,Cardiff-StFagans,04/09/2017
W,EBRO,PBAO308,308,"HaverfordwestBusStation-HaverfordwestBusStationviaLlangwm,Burton",01/04/2017
W,EBRO,PBBO315,315,Haverfordwest-MarloesviaMilfordHaven,06/04/2015
W,EFCO,ANBO043,43,Llanfairpwll-BangorviaYsbytyGwynedd,12/09/2014
W,EFCO,ANCO045,45,Llangefni-Rhosneigr,12/11/2013
W,EFCO,ANCO048,48,Llangefni-Llangefni,03/09/2012
W,EXMO,GYAS006,S6,Bangor-BetwsyCoedviaBethesda,14/04/2017
W,EXMO,GYCO001C,1C,BroSilyn-Caernarfon,03/04/2016
W,FCAL,MGAX075,X75,Resolven-MerthyrTydfil,01/12/2014
W,FCYM,CMAO164,164,"Pontyberem-AmmanfordviaDrefach,CrossHands",01/09/2015
W,FCYM,FCAO008X,8X,SwanseaUniversity-SwanseaBayCampus,21/09/2017
W,FCYM,FCAO076,76,"Bridgend-BettwsviaSarn,Ynysawdre",03/04/2017
W,FCYM,FCAO905,905,"Cwmtwrch-NeathCollegeviaTairgwaith,Alltycham,Pontardawe",03/01/2017
W,FCYM,FCAO909,909,NeathCollege-TollgatePark,04/01/2016
W,FCYM,FCBO007,7,Swansea-SwanseaMarina,25/09/2016
W,FCYM,FCCO027,27,Swansea-PenplasviaCwmbwrla,10/04/2016
W,FCYM,FCDO028,28,"Swansea-Penlan(StClearsPlace)viaCwmbwrla,Gendros",25/09/2016
W,FCYM,FCDO056,56,Pontardawe-Neath,03/04/2017
W,FCYM,FCEO010,10,SwanseaUniversitySingletonCampus-SwanseaBayUniversityCampus,21/09/2017
W,FCYM,FCGO124,124,Ammanford-Brynamman,04/09/2017
W,FCYM,FCGO961,961,Llansamlet-SwanseaCollegeviaWinchWen,28/08/2015
W,FCYM,FCHO029,29,"Swansea-TycochviaTycochCollege,LonMasarn",03/01/2017
W,FCYM,MGAX055,X55,Swansea-GlynneathviaNeath,04/09/2017
W,GOOD,MGAO022,22,Holyhead-HolyheadviaLlaingoch,08/09/2015
W,GWCO,ANBO063,63,Bangor-Llanerchymedd,24/04/2017
W,HRRS,CPAN002,N2,Crumlin-Crumlin,31/07/2016
W,HRRS,GWAE011,E11,EbbwVale-TredegarviaYsguborwen,12/10/2014
W,HRRS,HRAO555,555,BritanniaWalk-PengamPrimary,01/09/2016
W,HUTC,FLBO021,21,BuckleyRailwayStation-SouthdownviaPrecinctWay,16/05/2016
W,DDRW,GYAO060,60,Nefyn-LlynCoastalBusviaAberdaron,13/04/2017
W,DJNS,DJAX046,X46,Wrexham-Whitchurch,29/06/2017
W,DJNS,WRBO035,35,"Wrexham-WrexhamviaPlasGoulbourne,SunningdaleEstate",12/10/2014
W,DJNS,WREO010A,10A,Gwynfryn-Wrexham,26/01/2009
W,EAPE,BGAO803,803,Porthcawl-DanygraigAvenue,01/11/2016
W,EAPE,BGBO037,37,Maesteg-MaestegParccircular,27/06/2016
W,EBRO,PBAO710,710,LittleHaven-Haverfordwest,05/09/2016
W,EXMO,GYAO038,38,OakeleyArms-DolgellauviaBarmouth,31/10/2016
W,EXMO,GYAS001,S1,Llanberis-PenyPass,14/04/2017
W,EXMO,GYAS002,S2,"Llanberis-CoedviaPen,y,Pass",14/04/2017
W,EXMO,GYBO098,98,Porthmadog-LlanfrothenviaPenrhyndeudraeth,01/09/2015
W,FCAL,MTAO020,20,MerthyrTydfil-Abercanaid,14/12/2016
W,FCAL,MTCO022,22,MerthyrTydfil-HeolgerrigviaYnysfach,14/12/2016
W,FCYM,CMAO175,175,Llanelli-Llangennech,01/09/2015
W,FCYM,FCAL001,L1,LlanelliBusStation-LlanelliBusStationviaPenyfan,04/09/2017
W,FCYM,FCAO002C,2C,Swansea-CaswellBay,03/04/2017
W,FCYM,FCAO003A,3A,"Swansea-OystermouthviaUniversity,SingletonHospital,WestCrossEstate",28/05/2017
W,FCYM,FCAO075,75,Bridgend-Nantymoel,03/04/2017
W,FCYM,FCAO085,85,PortTalbot-Porthcawl,03/04/2017
W,FCYM,FCBO197,197,"Llanelli-CarmarthenviaTrimsaran,Carwe,Pontiets,Ponthenri,Meinciau",20/09/2015
W,FCYM,FCBO903,903,Abercrave-NeathCollegeviaPontardawe,03/01/2017
W,FCYM,FCBO906,906,"Neath-MinyrAwelviaAberdulais,Abergarwed,Glynneath",03/01/2017
W,FCYM,FCBO964,964,"Treboeth-SwanseaCollegeviaCwmbwrla,Mayhill",03/04/2017
W,FCYM,FCEX004,X4,Neath-Bridgend,03/01/2017
W,FCYM,FCFO019,19,"SwanseaBusStation-SwanseaBusStationviaBrynmill,Uplands",28/08/2015
W,FCYM,FCJO008,8,"HendrefoilanStudentVillage-SwanseaBayUniversityCampusviaSwanseaUniversity,SwanseaCityCentre",24/09/2017
W,FCYM,FCSO036,36,Swansea-Morriston,24/09/2017
W,GEAS,CPAO013,13,Blackwood-ManmoelviaOakdale,30/10/2013
W,GOOD,ANAO022A,22A,Holyhead-HolyheadviaLlaingoch,24/09/2012
W,GOOD,ANEO023,23,Holyhead-HolyheadviaRhoscolyn,02/09/2013
W,JAEV,CGAT029,T29,Tregaron-Tregaron,01/08/2011
W,JBVN,GWBO755,755,Lydney-LydneyLocalService,02/09/2013
W,KNTX,PWAT059,T59,KnightonWestStreet-KnightonBusStationviaFronhir,20/02/2011
W,LJCO,CWAO042,42,Llanwrst-Llangernyw,02/05/2017
W,LJCO,CWAO075,75,"Llandudno-LlanfairfechanviaConwy,Penmaenmawr",02/05/2017
W,LJCO,CWCO071,71,Corwen-Denbigh,02/09/2015
W,LLAN,MGBO061,61,Amlwch-HolyheadviaCemaes,30/03/2015
W,LLCO,GYBO528,528,LlangelyninChurch-Tywyn,16/07/2013
W,LLCO,PWAX028,X28,Machynlleth-Aberystwyth,02/11/2015
W,MHCO,DGAO045,45,Rhyl-YsbytyGlanClwydviaKinmelBay,01/11/2015
W,MHCO,DGAO046,46,Rhyl-YsbytyGlanClwyd,01/11/2015
W,MHCO,DGBO054,54,Trefnant-StAsaphBusinessParkviaRhyl,01/12/2013
W,MIDW,CMAO230,230,Cardigan-CarmarthenviaCrymych,03/09/2015
W,MNCC,MNAO065,65,Monmouth-ChepstowviaTrellech,21/07/2014
W,MRRS,CMAO289,289,Lampeter-Llandovery,03/09/2015
W,MRRS,CMBO207,207,Carmarthen-CarmarthenviaBrynMeurig,03/09/2015
W,MRRS,CMBO277,277,Llandeilo-Carmarthen,03/09/2015
W,MRRS,CMBO278,278,"Llandeilo-CarmarthenviaCarmel,Llanarthne",03/09/2015
W,MWLM,CGAO302,302,Aberystwythtowncircularanti-clockwise,26/09/2016
W,MWLM,CGAO522,522,TregaronSquare-Aberystwyth,05/09/2016
W,MWLM,CGDO540,540,Aberystwyth-Llanybydder,20/09/2016
W,NADT,MGZO074,74,Newport-Chepstow,05/03/2017
W,NADT,NAAO818,818,Pentwyn-LlanishenHighSchool,04/09/2017
W,NADT,NAAO821,821,LlaneirwgWay-StTeilo'sHighSchool,04/09/2017
W,NADT,NAAX008,X8,Thornhill-CardiffMilleniumCentreviaCardiffCityCentre,05/06/2017
W,NADT,NPAN002,N2,Newport-Newport,04/09/2017
W,NADT,PWAO062A,62A,Ynyswen-Ystradgynlais,05/12/2016
W,NADT,SMAO804,804,Galbalfa-CorpusChristi,03/09/2014
W,NADT,SMAO805,805,Splott-StIlltydsSchool,03/09/2014
W,NADT,SMAO808,808,Gabalfa-CorpusChristi,01/09/2014
W,NADT,SOAO809,809,Ely-BishopofLlandaff/YsgolPlasmwr,01/09/2014
W,NADT,SWCO118,118,Swansea-RhossiliviaKillay,28/05/2017
W,NADT,SWFO116,116,Swansea-Llanrhidian,28/05/2017
W,ACYM,ACAO013A,13A,WrexhamIndustrialEstate-BrymboviaWrexham,19/05/2014
W,ACYM,ACAO015,15,Conwy-Llysfaen,21/05/2017
W,ACYM,ACAO017,17,LlandrilloCollege-LlandrilloCollege,28/10/2017
W,ACYM,ACAO035,35,Rhyl-RhylviaPrestatyn,28/05/2017
W,ACYM,ACAO067C,67C,Bangor-Gerlan,08/10/2017
W,ACYM,ACAO067L,67L,Bangor-Gerlan,08/10/2017
W,ACYM,ACAO545,545,ColegMenai-Holyhead,21/05/2017
W,ACYM,ACAX067,X67,Bangor-Gerlan,08/10/2017
W,ACYM,ACCO032,32,Wrexham-WrexhamviaLlay,25/06/2017
W,ACYM,ADAO011F,11F,Holywell-Rhyl,28/05/2017
W,ACYM,ANAO301,301,YsgolDavidHughes-LlanfairPG,30/10/2011
W,ACYM,ANAO302,302,YsgolDavidHughes-LlanfairPG,30/10/2011
W,ACYM,DGAO051B,51B,Rhyl-Denbigh,03/09/2017
W,ACYM,FLADB02,DB2,Chester-SaltneyFerry,09/04/2017
W,ACYM,FLCO026,26,Wrexham-Mold,25/06/2017
W,ANSL,MGZO069,69,Chepstow-Monmouth,29/03/2016
W,ANSL,PAAO008A,8A,Cwmbran-UpperCwmbran,20/03/2017
W,APSS,SMAAPS0,APS,AirportShuttle-CardiffAirportTerminal,05/12/2010
W,CACB,CBAO053,53,"CardiffCityCentre-CardiffCityCentreviaHeathHospitalCyncoed,Pentwyn,Llanederyn",05/06/2017
W,CACB,CBAO066,66,Cardiff-Fairwater,03/09/2017
W,CACB,CBAX091,X91,"Cardiff-LlantwitMajorviaLeckwith,Wenvoe,Rhoose,StAthan",04/06/2017
W,CACH,SMAS010,S10,HoltonRoad-BrynHafrenComprehensive,15/10/2014
W,CBUS,CBAH059,H59,"EastPark&Ride-HeathHospitalviaA48non,stop",03/09/2017
W,CBUS,CBAO002,2,CardiffCityCircle(Anti-clockwise),03/09/2017
W,CBUS,CBAO004,4,LeckwithDepot-WoodStreet,05/06/2016
W,CBUS,CBAO009A,9A,HeathHospital-CardiffBay,03/09/2017
W,CBUS,CBAO054,54,Cyncoed-ChannelView,03/09/2017
W,CBUS,CBAO093,93,Cardiff-Barry,03/09/2017
W,CBUS,CBAO611,611,JamesStreet-FitzalanSchool,02/08/2015
W,CBUS,CBAO612,612,Leckwith-St.Teilo'sHighSchool,05/04/2015
W,CBUS,CBEO024,24,"Cardiff-CardiffviaWhitchurch,Llandaff",03/09/2017
W,CBUS,CBFO018,18,"CardiffCityCentre-CardiffCityCentreviaCanton,GrandAvenue,HeolTrelai",05/06/2017
W,CBUS,CBJO027,27,Cardiff-Thornhill,03/09/2017
W,GWCO,ANBO054,54,"Llangefni-LlangefniviaNiwbwrch,Llangaffo",24/04/2017
W,JOHN,GYAO001S,1S,"BlaenauFfestiniog-CaernarfonviaPorthmadog,Tremadog",07/08/2011
W,KNTX,PWBT058,T58,Knighton-Knighton,09/08/2010
W,LJCO,CWHO070,70,Corwen-Llanrwst,02/05/2017
W,LJCO,GYBO006A,6A,Bangor-Bethesda,03/06/2016
W,LLCO,GYAX027,X27,Machynlleth-Dolgellau,01/04/2017
W,MHCO,DGAO047,47,Rhyl-RhylviaBrynhedydd,01/11/2015
W,MLBU,BGAO715,715,CefnCribwr-PorthcawlComprehensive,03/09/2015
W,MRRS,CMAO276,276,Llandeilo-Carmarthen,03/09/2015
W,MRRS,CMAO281,281,"Carmarthen-LlandoveryviaNantgaredig,Llandeilo",03/09/2015
W,MWLM,CGAO305,305,Aberystwyth-Waunfawrcircular,16/02/2016
W,MWLM,SMAO306,306,Aberystwyth-LlanbadarnCampus,18/01/2016
W,NADT,MGAO404,404,Pontypridd-BridgendviaLlanharry,23/07/2016
W,NADT,RCAO044,44,Bridgend-RoyalGlamorganHospital,11/01/2016
W,NADT,RCAO109,109,Pontypridd-PontypriddviaPenygraigwen,21/07/2014
W,NADT,RCAO137,137,Porth-Porth,05/12/2016
W,NADT,SMAO303,303,Bridgend-Barry,07/05/2017
W,NADT,SMAO321,321,TalbotGreen-Llantwit,04/09/2017
W,NADT,SMBO619,619,StMellons-StTeilo'sSchool,15/10/2014
W,NADT,SMCO320,320,Cardiff-TalbotGreen,04/09/2017
W,NADT,SWCO020,20,Derlwyn-Swansea,04/08/2014
W,NADT,SWCO118,118,Swansea-RhossiliviaKillay,02/10/2017
W,NADT,SWCO119,119,Swansea-RhossiliviaKillay,30/03/2015
W,NFYN,GYDO008A,8A,Pwllheli-Nefyn,03/09/2015
W,NWPT,NTAB001,B1,RuskinAve-BassalegSchool,03/09/2017
W,NWPT,NTAO019E,19E,"Newport-MalpasCourtviaWhittleDrive,AlmondDrive",05/03/2017
W,NWPT,NTAO026C,26C,Newport-St.JuliansviaBeaufortRoad,05/03/2017
W,NWPT,NTAO041,41,Newport-PillgwenllyviaRedrowDevelopment,05/03/2017
W,NWPT,NTAO043,43,Newport-SpyttyParkviaNashCollege,30/10/2016
W,NWPT,NTASJ04,SJ4,ChristchurchRoad-StJosephHighSchool,03/09/2017
W,NWPT,NTBO016,16,Newport-BettwsviaMonnowWay(Clockwise),23/04/2017
W,OWNC,PWBO078,78,Oswestry-OswestryviaLlansilin,04/09/2015
W,PEMB,PBCO387,387,"PembrokeDock-PembrokeDockviaAngle,Stackpole",25/09/2017
W,ACYM,ACAO004B,4B,Bangor-Holyhead,08/10/2017
W,ACYM,ACAO005,5,Llandudno-Bangor,21/05/2017
W,ACYM,ACAO027,27,OldColwyn-Conwy,08/10/2017
W,ACYM,ACAO033,33,Wrexham-WrexhamviaLlay,25/06/2017
W,ACYM,ACAO036,36,Rhyl-RhylviaPrestatyn,28/05/2017
W,ACYM,ACAO079,79,Bangor-Bangor,30/08/2015
W,ACYM,ACAX067,X67,Bangor-GerlanviaBethesda,21/05/2017
W,ACYM,ACHO021,21,WrexhamBusStation-SummerHIllCircular,25/06/2017
W,ACYM,ADAO011M,11M,Holywell-Rhyl,28/05/2017
W,ACYM,ANAO053L,53L,Bangor-Glanrafon,08/10/2017
W,ACYM,ANAO056,56,Bangor-Beaumaris,30/10/2016
W,ACYM,ANAO062A,62A,Bangor-Cemaes,21/05/2017
W,ACYM,ANCO562,562,Amlwch-Llanfachraeth,21/05/2017
W,ACYM,FLAO010A,10A,Chester-Holywell,09/04/2017
W,AMID,PWAO738,738,Knighton-Ludlow,08/09/2015
W,AMID,WRBO002A,2A,Wrexham-OswestryviaChirkGreen,15/08/2014
W,ANSL,GWAO006,6,Cwmbran-TyCanol,03/10/2017
W,NADT,SWFO116,116,Swansea-Llanrhidian,02/10/2017
W,NWPT,NTAO006X,6X,Ringland-RoyalGwentHospital,27/11/2016
W,NWPT,NTAO026A,26A,Newport-St.JuliansviaSt.JuliansRoad,05/03/2017
W,NWPT,NTAO029B,29B,"Newport-CwmbranviaCaerleonRoad,Caerleon,Ponthir",04/09/2017
W,NWPT,NTAO125,125,"Newport-LlanwernHighSchoolviaRinglandCentre,CorporationRoad",04/09/2017
W,NWPT,NTASJ02,SJ2,Alway-StJosephHighSchool,03/09/2017
W,NWPT,NTASJ10,SJ10,Bettws-StJoseph,03/09/2017
W,NWPT,NTBO002C,2C,Newport-NewportviaGaer,05/03/2017
W,NWPT,NTCO019,19,"Newport-MalpasCourtviaRussellDrive,WhittleDrive",05/03/2017
W,OCAC,PWCT082,T82,VyrnwyDam-OswestryviaLlanfyllin,04/09/2015
W,OWNC,PWBO073,73,LlanfairCaereinion-Oswestry,04/09/2015
W,OWNC,PWBO087,87,Foel-WelshpoolviaLlanfairCaereinion,04/09/2015
W,PAOL,FLBO023,23,Greenfield-Holywell,14/08/2017
W,PAOL,POAO008,8,SealandManor-MoldviaConnah'sQuay,04/09/2017
W,PEMB,PBCO388,388,"PembrokeDock-PembrokeDockviaStackpole,Angle",25/09/2017
W,PHNX,DGBO011,11,Denbigh-DenbighviaSaron,04/09/2015
W,PTLW,BGAO061,61,Nottage-Porthcawl,05/12/2016
W,RBRO,CMAO620,620,Dihewyd-Aberaeron,13/08/2016
W,RBRO,PBBO405,405,RidgewayEstate-CardiganPrimarySchool,24/04/2017
W,SELB,SWEO001,1,Skewen-Neath,04/09/2017
W,SSWL,CPAO027,27,Blackwood-BargoedviaMarkham,21/07/2014
W,SSWL,CPAO095B,95B,NewbridgeSchool-Llanhilleth,15/01/2017
W,SSWL,CPCO050,50,Bargoed-Newport,15/01/2017
W,SSWL,GWAO080A,80A,Cwmbran-Pontypool,15/01/2017
W,SSWL,GWAO080C,80C,Cwmbran-Pontypool,15/01/2017
W,SSWL,GWAO080D,80D,Cwmbran-Pontypool,15/01/2017
W,SSWL,GWAO803,803,CwmbranEstates-YsgolGyfunGwynllyw,03/01/2017
W,SSWL,GWBO017,17,Pontypool-Wainfelin,28/08/2016
W,SSWL,GWBO082,82,Pontypool-CrosskeysCollege,28/08/2016
W,SSWL,MGAO130,130,Blaencwm-Porth,30/11/2014
W,SSWL,MGZC000,C,Caerphilly-Penyrheol,04/12/2016
W,SSWL,MTAO025,25,MerthyrTydfil-MerthyrTydfilviaTrefechan,14/12/2015
W,SSWL,PWAO040B,40B,Brecon-BreconviaBeaconsPark,08/05/2013
W,SSWL,PWBX043,X43,Brecon-Abergavenny,11/04/2016
W,SSWL,RCBO139,139,Treorchy-Cwmparc,31/07/2016
W,SSWL,RCCO120,120,Blaencwm-Porth,30/11/2014
W,SWTR,NPAO161,161,"Neath-MinyrAwelviaCilfrew,Aberdulais,Resolven,Glynneath",07/09/2015
W,SWTR,NPAO213,213,TregofVillage-CwmtaweSchool,02/01/2017
W,SWTR,SWAO035,35,Swansea-LlangyfelachviaBrynhyfryd&HolletRoad,24/09/2017
W,SWTR,SWAO141,141,Morriston-Gorseinon,07/09/2015
W,SWTR,SWCO043,43,Swansea-MorristonHospitalviaSingletonHospital,24/07/2017
W,TAFV,CMBO224,224,Carmarthen-WhitlandviaStClears,07/09/2015
W,TANV,PWAX003,X3,Newtown-ShrewsburyviaWelshpool,07/09/2015
W,WACO,SMAP351,P351,EglwysBrewis-StAthanPrimarySchool,08/09/2015
W,CELT,PWAT075,T75,Llanidloes-NewtownviaCaersws,02/08/2010
W,CELT,PWBX012,X12,"BuilthWells-AbergavennyviaTalgarth,Crickhowell",31/07/2017
W,DCOL,CMAX090,X90,Bynea-Carmarthen,24/11/2016
W,DCOL,CMBG014,G14,Tycroes-YsgolMaesYrYrfa,12/10/2014
W,DJNS,WRAO005,5,Wrexham-Llangollen,25/06/2017
W,DJNS,WRAO041,41,Wrexham-WrexhamIndustrialEstaeviaQueensway,18/07/2016
W,DVPA,NPAO168,168,Crynant-Neath,12/09/2016
W,EAPE,BGBO073,73,Pyle-Bridgend,27/07/2014
W,EFCO,ANAO046,46,"Bangor-CaernarfonviaLlangefni,ParcMenai",03/04/2017
W,EXMO,GYAO001N,1N,Nantlle-CaernarfonviaPenygroes,03/04/2016
W,EXMO,GYAO092,92,Caernarfon-Caernarfon,08/09/2015
W,EXMO,GYEO092A,92A,ClipaCaernarfonDocVictoria-CaeGwyn,08/09/2015
W,EXMO,MGZO037,37,BlaenauFfestiniog-BlaenauFfestiniog,01/04/2017
W,FCYM,FCAO067A,67A,"Bridgend-BettwsviaPenyfai,Aberkenfig",01/09/2015
W,FCYM,FCAO081,81,PortTalbot-Brynbryddan,03/04/2017
W,FCYM,FCAO083,83,"PortTalbot-BlaengwynfiviaPontrhyyfen&Cwmavon,Cymmer",03/04/2017
W,FCYM,FCAO086,86,"Neath-PortTalbotviaBritonFerry,BaglanEstate",04/09/2017
W,FCYM,FCAO904,904,"Pontardawe-NeathCollegeviaClydach,Skewen",04/01/2016
W,FCYM,FCAO965,965,Neath-SwanseaCollege,03/04/2017
W,FCYM,FCAX051,X51,Swansea-YstradgynlaisviaPontardawe,24/09/2017
W,FCYM,FCCO006,6,Swansea-PortTennant,05/11/2017
W,FCYM,FCCO011,11,SwanseaBusStation-SwanseaBusStationviaMayhill,02/01/2014
W,FCYM,FCDO015,15,Swansea-Waunarlwydd,03/04/2017
W,FCYM,MGAO206,206,Carmarthen-GlangwiliHospitalviaTrevaughan,01/09/2015
W,FCYM,SWAO002,2,Swansea-NewtonviaOystermouth,30/10/2016
W,FCYM,SWAO002B,2B,Swansea-Limeslade,15/04/2017
W,FCYM,SWAO033,33,Swansea-Trallwn,24/09/2017
W,FCYM,SWCO501,501,Landore-ParkandRide,24/09/2017
W,GLOB,RCBHS00,HS,MountainAsh-YsbytyCwmCynon,05/08/2012
W,GOOD,ANAO021A,21A,"HolyheadSummerhill-HolyheadSummerhillviaTreseifion,Penrhos",24/03/2013
W,GOOD,MGAO024,24,Holyhead-HolyheadviaMorawelon,08/10/2017
W,GWCO,ANEO055,55,Llangefni-LlangefniviaPentraeth,24/04/2017
W,PRCE,WRAO001E,1E,Brynteg-WrexhamIndustrailEstate,15/01/2013
W,PRPT,DGAO095,95,MelinyWig-Llangollen,20/07/2016
W,PRTH,TRAO133,133,Wattstown-LlwyncelynviaPorth,07/09/2015
W,RBRO,CMAO611,611,"Coedybryn-NewcastleEmlynviaRhydlewis,Brongest",04/09/2015
W,RBRO,CMAO618,618,Talsarn-Lampeter,06/02/2017
W,RBRO,MGZO460,460,Carmarthen-CardiganviaNewcastleEmlyn,04/09/2017
W,RBRO,PBAO642,642,Crymych-ClarbestonRoad,20/02/2017
W,RBRO,PBBO411,411,Haverfordwest-StDavid`sviaNewgale,31/05/2016
W,RBRO,PBEO400,400,Marloes-StDavid`s`PuffinShuttle`viaNewgale,25/09/2017
W,RBRO,PBFO404,404,Fishguard-StDavid's'StrumbleShuttle'viaPorthgain,25/09/2017
W,SARG,PWAO462,462,"LlandrindodWells-HerefordviaNewRadnor,Kington",04/09/2017
W,SELB,SWEO002,2,Neath-Neath,04/09/2017
W,SSWL,CPAD000,D,Caerphilly-PenyrheolviaPwllypant,16/05/2013
W,SSWL,GWAO003,3,Brynmawr-Abergavenny,30/08/2016
W,SSWL,GWAO080F,80F,Pontypool-Greenmeadow,15/01/2017
W,SSWL,GWAX003,X3,Pontypool-Cardiff,05/11/2017
W,SSWL,GWAX020,X20,Newport-Abergavenny,15/01/2017
W,SSWL,GWBE003,E3,Brynmawr-EbbwVale,06/08/2017
W,SSWL,GWCO012,12,Pontypool-UpperRace,28/08/2016
W,SSWL,GWEO009,9,Pontypool-Tranch,28/08/2016
W,SSWL,GWMO001,1,Cwmbran-CwmbranviaThornhill,15/01/2017
W,SSWL,MGAO012,12,NewTredegar-Blackwood,15/01/2017
W,SSWL,MGZO005A,5A,Cwmbran-CwmbranviaGreenmeadow,09/04/2017
W,SSWL,MGZO005C,5C,Cwmbran-CwmbranviaGreenmeadow,09/04/2017
W,SSWL,MTAO078,78,MerthyrTydfil-PontypriddviaTreharris,03/11/2014
W,SSWL,MTBO079,79,MerthyrTydfil-Bedlinog,03/11/2014
W,SSWL,RCAO001,1,Aberdare-Abernant,17/05/2015
W,SSWL,RCAO132,132,Maerdy-Cardiff,21/05/2017
W,SSWL,RCBO007,7,Glynhafod-Penderyn,14/12/2015
W,SSWN,GWAO035,35,"RossonWye-MonmouthviaLydbrook,Coleford",10/11/2014
W,STCR,FLASP02,SP2,EllesmerePort-Mold,19/09/2016
W,SWTR,MGZO054,54,Swansea-ParcLlewellyn,01/08/2016
W,SWTR,NPAO041,41,NeathVictoriaGardens-Longford,03/04/2017
W,SWTR,SWAO037,37,"Swansea-OystermouthviaUplands,Sketty,DerwenFawr,SingletonHospital,MumblesRoad",24/07/2017
W,GWCO,GYGO072,72,"Bangor-BangorviaYFelinheli,Minffordd",03/10/2016
W,GWCO,MGAO042,42,Bangor-Llangefni,03/10/2015
W,HRRS,GWAE014,E14,Tredegar-TredegarviaGwentWay,04/09/2017
W,JLGN,CMBO221,221,Carmarthen-Login,12/10/2014
W,JLGN,CMBO223,223,Carmarthen-Glandwr,02/02/2016
W,LJCO,CWAO071A,71A,Denbigh-Llansannan,03/09/2015
W,LJCO,CWAO483,483,Llanrwst-Abergele,20/07/2014
W,LJCO,CWEO068A,68A,Llanrwst-Llanrwst,02/05/2017
W,LLCO,PWAX026,X26,Machynlleth-MochdreTexplan,05/07/2013
W,LLCO,PWAX085,X85,Machynlleth-NewtownviaLlanbrynmair,02/04/2012
W,LLCO,TCAT003,T3,"Barmouth-WrexhamviaDolgellau,Bala",04/09/2017
W,MHCO,MGAO076A,76A,Llandyrnog-Ruthin,16/01/2017
W,MRRS,CMAO280,280,"Carmarthen-LlandoveryviaNantgaredig,Llandeilo",21/02/2016
W,MWLM,CGAO301,301,"Aberystwyth-AberystwythviaWaunfawr,Penparcau",26/06/2017
W,NADT,NAAO819,819,PentwynWest-LlanishenHighSchool,04/09/2017
W,NADT,NAAO823,823,NewportRoad-YsgolGlantaf,04/09/2017
W,NADT,NAAX001,X1,"CulverhouseCrossTesco-PontprennauAsdaviaCanton,CardiffCityCentre,Pentwyn",05/06/2017
W,NADT,NPAN003,N3,Newport-Newport,04/09/2017
W,NADT,PWAO062C,62C,Ystradgynlais-Gurnoscircular,05/12/2016
W,NADT,RCAO111,111,"Pontypridd-TyRhiwviaGraigyrHelfa,UpperBoat,TaffsWell",14/02/2015
W,NADT,RCAO153,153,Tonypandy-GilfachGoch,05/12/2016
W,NADT,TCAT009,T9,CardiffAirport-Cardiff,05/06/2017
W,NFYN,GYAO008B,8B,Pwllheli-Rhydlios,07/05/2013
W,NFYN,GYBO027,27,Pwllheli-NefynviaLlithfaen,03/09/2015
W,NFYN,GYDO008,8,Pwllheli-Tudweiliog,27/01/2014
W,NFYN,GYDO018,18,Pwllheli-Abersoch,03/09/2015
W,NWPT,GWAC005,C5,Chepstow-ChepstowviaGardenCity,29/03/2016
W,NWPT,NTAO020,20,"Newport-NewportviaChristchurch,SpytyRetailPark",01/01/2017
W,NWPT,NTAO027,27,Newport-CaerleonTrinityView,27/12/2016
W,NWPT,NTASJ01,SJ1,Ringland-StJoseph'sHighSchool,03/09/2017
W,OWNC,PWAO086A,86A,Newtown-Maesydril,04/09/2015
W,OWNC,PWBO089,89,LlanfairCaereinion-Welshpool,04/09/2015
W,PAOL,FLBO014A,14A,Caerwys-PenymaesviaHolywell,18/04/2016
W,ANSL,GWEO031,31,Brynmawr-Foergeside,19/06/2017
W,ANSL,GWFO030,30,Blaenavon-CwmbranviaPontypool,04/09/2015
W,ANSL,MGZO083,83,Abergavenny-Monmouth,29/03/2016
W,CACB,CBAO015,15,"CardiffCityCentre-HeathHospitalviaCanton,Caerau,Ely,WesternAvenue",05/06/2017
W,CACB,CBAO086,86,"CardiffCityCentre-CardiffCityCentreviaHeath,Llanishen",04/06/2017
W,CBUS,CBAO009,9,HeathHospital-CardiffBay,03/09/2017
W,CBUS,CBAO028B,28B,"CardiffCityCentre-CardiffCityCentreCircularviaFidlasRd,Thornhill,FidlasRd",05/06/2017
W,CBUS,CBAO063A,63A,Cardiff-Danescourt,03/09/2017
W,CBUS,CBAO094B,94B,Cardiff-Barry,03/09/2017
W,CBUS,CBAO095C,95C,Cardiff-LeckwithPARK&RIDE,04/06/2017
W,CBUS,CBAO607,607,CliveStreet-FitzalanSchool,02/08/2015
W,CBUS,CBAO613,613,Adamsdown-St.Teilo'sHighSchool,05/04/2015
W,CBUS,CBJO050,50,Cardiff-Llanrumney,03/09/2017
W,CELT,PWAX015,X15,BuilthWells-HerefordBusStationviaHayonWye,31/07/2017
W,CLTR,ANAO362,362,Tycroes-YsgolUwchraddBodedern,04/07/2014
W,CLTR,ANAO385,385,Bodorgan-YsgolGyfunLlangefni,04/07/2014
W,CLTR,GYEO012,12,Caernarfon-PwllheliviaTrefor,15/04/2013
W,CON2,CPAO015,15,CefnGlas-Blackwood,25/04/2014
W,DCOL,CMBL013,L13,Bynea-BryngwynSchool,02/09/2014
W,DJNS,WRAO005C,5C,Wrexham-Llangollen,25/06/2017
W,DJNS,WRAO013B,13B,WrexhamBusStation-WrexhamIndustrialEstate,27/11/2013
W,DJNS,WRBC056,C56,Wrexham-Chester,12/10/2014
W,DVPA,NPAO165,165,MinyrAwel-Crynant,12/09/2016
W,DVPA,SWGO116,116,Gowerton-Llanrhidian,27/03/2017
W,EAPE,BGBO016,16,Bridgend-Blaengarw,30/10/2013
W,EDWC,PBBO361,361,Tenby-PembrokeDock,05/09/2016
W,EDWC,RCAO100,100,TalbotGreen-PontypriddviaRoyalGlamorganHospital,27/12/2016
W,EDWC,RCBO100C,100C,RoyalGlamorganHospital-LlantrisantviaBeddau,27/12/2016
W,EFCO,ANBO047,47,Llanfairpwll-BangorviaYsbytyGwynedd,12/09/2016
W,EXMO,ANAO758,758,"Holyhead-ColegGlynllifonviaValley,Gwalchmai,LlanfairPG",08/09/2015
W,EXMO,GYAO504,504,BlaenauFfestiniog-Dolgellau,01/04/2017
W,EXMO,GYBO001B,1B,Porthmadog-BlaenauFfestiniog,03/04/2017
W,TAFV,PBBO381,381,"Tenby-HaverfordwestviaSaundersfoot,Kilgetty,Narberth",01/04/2017
W,TANV,PWAO072A,72A,Oswestry-Llanfyllin,05/06/2017
W,TANV,PWAO076,76,"Llanrhaedr-WelshpoolviaLlanfyllin,Guilsfield",07/09/2015
W,TANV,PWAO079A,79A,Llangynog-OswestryviaLlanrhaeadr,05/06/2017
W,TANV,PWAO084,84,Newtown-Tregynon,02/11/2015
W,TANV,PWBX085,X85,Newtown-Caersws,24/09/2015
W,TNLX,FLAO109,109,"Wrexham-MoldviaBroughton,Connah'sQuay",16/05/2016
W,VRTR,MTBO082,82,MerthyrTydfil-Treharris,04/01/2016
W,WICC,CGAYA05,YA05,Lampeter-AberaeronCSSchool,05/09/2016
W,YEOC,GWAO442,442,"Clehonger-AbergavennyviaEwyasHarold,Longtown",02/09/2014
W,YEOC,PWBO039A,39A,HayonWye-Hereford,06/09/2015
W,PATS,WRAPC02,PC2,Gatewen-LlayIndustrialEstateviaQueenspark,04/09/2015
W,PRPT,GYAO073,73,Ruthin-Ruthin,19/07/2016
W,PRTH,MGAO175,175,Porth-TonypandyviaTrealaw,23/05/2016
W,RBRO,CGFO554,554,Cardigan-Beulah,04/09/2015
W,RBRO,CMAO619,619,Nebo-Aberaeron,06/02/2017
W,RBRO,CMAO621,621,Llandysul-Pencader,04/09/2015
W,RBRO,PBAO413,413,StDavid`s-Fishguard,04/09/2015
W,RDWY,NPAO008,8,Sandfields-PortTalbot,04/09/2015
W,RDWY,NPAO009,9,PortTalbot-Sandfields,04/09/2015
W,SSWL,GWAO094,94,EbbwVale-Abergavenny,28/08/2016
W,SSWL,GWAO097,97,Brynmawr-BrynmawrviaTredegar,15/01/2017
W,SSWL,GWAO810,810,Llantarnam-FairwaterSchool,25/09/2017
W,SSWL,GWAX004,X4,Abergavenny-CardiffviaMerthyrTydfil,30/04/2017
W,SSWL,GWBE004,E4,EbbwVale-Carmeltown,06/08/2017
W,SSWL,GWBO023,23,VartegHill-Cwmbran,28/08/2016
W,SSWL,MTAO035,35,MerthyrTydfil-Rhydybedd,13/10/2014
W,SSWL,MTBO033,33,MerthyrTydfil-MerthyrTydfilviaGalonUchaf,13/10/2014
W,SSWL,PWBO043,43,Brecon-Abergavenny,11/04/2016
W,SSWL,RCAO011C,11C,Aberdare-Cwmdare,09/10/2016
W,SSWL,RCAO013C,13C,Aberdare-Cwmbach,04/01/2016
W,SSWL,RCAO131,131,Maerdy-RoyalGlamorganHospitalviaPorth,02/05/2013
W,SSWL,RCBO008,8,Glynhafod-MorfaGlasviaAberdare,14/12/2015
W,SSWL,RCBO113,113,Aberdare-Cwmbach,09/10/2016
W,SSWN,GWBO036,36,"Hereford-MonmouthviaWormelow,WelshNewton",01/09/2014
W,STCR,FLBX001,X1,Chester-Ruthin,05/06/2017
W,SWTR,SWAO005,5,SwanseaCountyHall-CwmdonkinviaUplandsCityCentre,24/07/2017
W,TANV,PWEO071,71,Newtown-WelshpoolviaMontgomery,07/09/2015
W,TNLX,FLAS028,S28,Mold-Flint,04/01/2017
W,VRTR,CPCO901,901,Blackwood-YstradMynachStation,07/09/2015
W,VRTR,MTAS079,S79,Merthyr-BedlinogviaTreharris,04/01/2016
W,WACO,SMAP135,P135,Barry-StAndrew`sChurchinWalesPrimarySchool,08/09/2015
W,WACO,SMAP138,P138,StAthan-StIlltydPrimarySchool,08/09/2015
W,EXMO,GYCO009,9,Caernarfon-BangorviaYsbytyGwynedd,01/07/2016
W,EXMO,GYCO093,93,"Caernarfon-CaernarfonviaMaesincla,Hendre",08/09/2015
W,EXMO,MGEO001A,1A,Nasareth-CaernarfonviaNebo,03/04/2017
W,FCYM,CMBB023,B23,LlanelliBusStation-DafencircularviaClosCilsaig,20/09/2015
W,FCYM,CMBB024,B24,LlanelliBusStation-BigyncircularviaDillwynStreet,01/09/2015
W,FCYM,CMCO205,205,GlangwiliHospital-CarmarthenviaNantyrArian,01/09/2015
W,FCYM,FCAO063B,63B,"Bridgend-PorthcawlviaPyle,NorthCornelly",03/01/2017
W,FCYM,FCAO069,69,"BridgendBusStation-BridgnedBusStationviaYstradFawr,CefnGlas,Bryntirion",03/01/2017
W,FCYM,FCAO070,70,"Cymmer-BridgendviaMaesteg,Caerau,Garth,Llangynwyd,Aberkenfig",02/04/2017
W,FCYM,FCAO077,77,"Bridgend-BettwsviaWildmill,Sarn,Ynysawdre",03/04/2017
W,FCYM,FCAO084,84,Swansea-PortTalbot,24/09/2017
W,FCYM,FCAO900,900,PortTalbot-NeathCollege,10/04/2016
W,FCYM,FCAX049,X49,Haverfordwest-Tenby,03/04/2017
W,FCYM,FCBO110,110,Swansea-LlanelliviaGorseinon,30/09/2015
W,FCYM,FCCO901,901,"Margam-NeathCollegeviaPortTalbot,SandfieldsEst,BaglanEst",10/04/2016
W,FCYM,FCDO064,64,"Bridgend-TalbotGreenviaBrackla,Pencoed,Brynna,Llanharan,Llanharry",31/07/2016
W,FCYM,FCEO348,348,"Haverfordwest-MonktonviaJohnston,PembrokeDock",13/04/2017
W,FCYM,FCFO016,16,Swansea-PontarddulaisviaGorseinon,04/09/2017
W,FCYM,FCHO111,111,"Swansea-KidwellyviaGorseinon,Llanelli",08/01/2017
W,FCYM,FCMX002,X2,"Porthcawl-CardiffviaBridgend,Cowbridge",03/01/2017
W,FCYM,MGZO198,198,"Llanelli-CarmarthenviaTrimsaran,Kidwelly,Llansaint,Ferryside",04/09/2017
W,FCYM,SMAS077,S77,Llandough-BarryCollege,01/09/2015
W,FCYM,SWBO025,25,"Swansea-BlaenyMaesviaManselton,Caereithin",24/09/2017
W,GLOB,RCHO091,91,Abercwmboi-Penywaun,15/06/2017
W,GPTL,CMACSG1,CSG1,NewDockRoad-GraigCampus,02/09/2014
W,GPTL,CMACSG3,CSG3,Penallt-GraigCampus,02/09/2014
W,GPTL,CMBL027,L27,Morfa-StJohnLloydRCSchool,02/09/2014
W,GWCO,ANEO051,51,"Llangefni-LlangefniviaMoelfre,Benllech",24/04/2017
W,HRRS,CPAC017,C17,"Bargoed-CaerphillyviaGelligaer,YstradMynach,Llanbradach",10/04/2017
W,ACYM,AAAO062,62,Bangor-Cemaes,21/05/2017
W,ACYM,ACAA055,A55,Llandudno-Caernafon,31/05/2015
W,ACYM,ACAO004R,4R,Bangor-HolyheadviaLlangefni,21/05/2017
W,ACYM,ACAO004X,4X,Bangor-Holyhead,08/10/2017
W,ACYM,ACAO014,14,Conwy-Llysfaen,21/05/2017
W,ACYM,ACAO016,16,ConwyMarina-ConwyMarinaviaConwyFeast,28/10/2017
W,ACYM,ACAO026,26,GreatOrme-GreatOrme,08/10/2017
W,ACYM,ACAO027,27,OldColwyn-Conwy,21/05/2017
W,ACYM,ACAO067,67,Bangor-Gerlan,08/10/2017
W,ACYM,ACAO067,67,Bangor-GerlanviaBethesda,21/05/2017
W,ACYM,ACAO085,85,Rhyl-Rhyl,11/06/2014
W,ACYM,ACAO543,543,ColegMenai-Talwrn,21/05/2017
W,ACYM,ACAX005,X5,Bangor-Llandudno,30/10/2016
W,ACYM,ACAX043,X43,Talwrn-Bangor,08/10/2017
W,ACYM,ACEO012,12,Rhyl-Llandudno,03/09/2017
W,ACYM,ANAO056,56,Bangor-Beaumaris,08/10/2017
W,ACYM,ANAO057B,57B,Bangor-Glanrafon,08/10/2017
W,ACYM,ANAO057L,57L,Glanrafon-Bangor,08/10/2017
W,ACYM,FLAO010,10,Chester-GolftynQuayShoppingCentre,09/04/2017
W,ACYM,FLBO027,27,Wrexham-Mold,25/06/2017
W,ACYM,MGAO083A,83A,Rhyl-RhylCircular,26/03/2017
W,ACYM,MGZO011A,11A,Chester-Holywell,28/05/2017
W,ACYM,WRAO003,3,Wrexham-WrexhamviaAfoneitha,25/06/2017
W,BCOL,SWCO113,113,Bishopston-Mumbles(Limeslade),18/12/2015
W,CACB,CBAO064,64,"CardiffCityCentre-St.MellonsviaFairwater,Whitchurch,HeathHospital,Llanrumney",05/06/2017
W,CBUS,CBAM001,M1,PlasGwyn-CardiffMETCyncoed,17/09/2017
W,HRRS,CPAO006,6,Blackwood-WyllieviaPontllanfraith,01/08/2016
W,HRRS,CPBO008,8,Blackwood-BlackwoodviaGrovePark,01/08/2016
W,HRRS,CPCO007,7,Blackwood-PontypriddviaYstradMynach,07/08/2014
W,HUTC,FLAO021A,21A,BuckleyRailwayStation-SouthdownviaPrecinctWay,16/05/2016
W,JBVN,GWBO761,761,Beachley-Chepstow,12/10/2014
W,JSON,WRBO089,89,Rhosymedre-GarthviaAcrefair,12/10/2014
W,LJCO,CWEO068C,68C,Llanrwst-LlanrwstviaPandyTudur,02/05/2017
W,LJCO,GYAO006B,6B,Bethesda-Llanrwst,26/06/2015
W,LLAN,MGAO060,60,"Amlwch-AmlwchviaCemaes,Carreglefn",30/03/2015
W,LLCO,GYAX029,X29,Llanegryn-MachynllethviaTywyn,16/07/2013
W,LLCO,PWAO034A,34A,Machynlleth-Machynlleth,01/04/2012
W,MRRS,CMAC011,C11,Trevaughan-QueenElizabethHighSchool,19/05/2016
W,MRRS,CMBO288,288,Lampeter-Llandovery,03/09/2015
W,MRRS,CMCO228,228,Carmarthen-CarmarthenviaPentremeurig,03/09/2015
W,MWLM,CGAO304,304,Aberystwyth-AberystwythviaPenparcauCircular,26/06/2017
W,NADT,GWEO045,45,Abergavenny-AbergavennyviaLlwynuEstate,08/04/2013
W,NADT,MGBO014A,14A,Swansea-Pennard,24/09/2017
W,NADT,NAAX011,X11,"MilleniumCentre-PentwynviaCardiffCityCentre,Llanedeyrn",05/06/2017
W,NADT,RCAO018A,18A,TyRhiw-FfynnonTafPrimarySchool,21/10/2014
W,NADT,RCAO105,105,Pontypridd-Pontypridd,16/09/2016
W,NADT,RCDO089,89,Aberdare-MerthyrTydfil,22/04/2013
W,NADT,SMAO801,801,Llanishen-BishopofLlandaffSchool,31/10/2016
W,NADT,SMBO089A,89A,"Cardiff-DinasPowysviaPenarth,Llandough",05/06/2017
W,NADT,SWAO114,114,"Swansea-SouthGowerviaBishopston,Pennard",27/05/2017
W,NWPT,GWAC004,C4,Chepstow-ChepstowviaTheDanes,29/03/2016
W,NWPT,GWDC001,C1,Chepstow-Thornwell,29/03/2016
W,NWPT,NTAB002,B2,RivermeadWay-BassalegSchool,03/09/2017
W,NWPT,NTAJF01,JF1,NewportBusStation-JohnFrostSchool,03/09/2017
W,NWPT,NTAO037,37,Newport-Rhiwderin,03/07/2016
W,NWPT,NTAO074A,74A,Newport-UnderwoodviaLangstone,05/03/2017
W,NWPT,NTAO074C,74C,Newport-UnderwoodviaGlanLlyn,05/03/2017
W,NWPT,NTAO145,145,Beechwood-StJoseph'sHighSchool,02/09/2015
W,CBUS,CBAM003,M3,CardiffMETLlandaff-AlbanyRoad,17/09/2017
W,CBUS,CBAO028,28,"CardiffCityCentre-CardiffCityCentreCircularviaFidlasRd,Thornhill,FishguardRd",05/06/2017
W,CBUS,CBAO044S,44S,CardiffCityCentre-ColegGlanHafrenviaNewportRoad,05/04/2015
W,CBUS,CBAO097,97,Barry-Barry(Clockwise),03/09/2017
W,CBUS,CBAO609,609,TudorStreet-FitzalanHighSchoolviaChannelView,02/08/2015
W,CBUS,CBAO610,610,CorporationRoad-FitzalanHighSchool,02/08/2015
W,CBUS,CBCO021,21,Cardiff-Cardiff,03/09/2017
W,CELT,PWAO044,44,BuilthWells-LlandrindodWells,31/07/2017
W,CLTR,ANAO369,369,Llantrisant-YsgolBodedern,04/07/2014
W,DJNS,DJAO146,146,Wrexham-Whitchurch,29/06/2017
W,DRTM,CMAL018,L18,SandyRoad-StJohnLloydSchool,05/09/2016
W,DRTM,CMAL023,L23,SwissValley-YsgolStrade,05/09/2016
W,DVPA,NPAO164,164,NeathVictoriaGardens-CrynantBusinessPark,12/09/2016
W,EABU,WREO064,64,"LlanarmonDC-LlangollenviaGlynCeiriog,Chirk,Froncysyllte",01/04/2017
W,EBRO,PBAO300,300,MilfordHaven-MilfordHavenviaHakin,01/04/2017
W,EXMO,GYAO035,35,BlaenauFfestiniog-Dolgellau,01/04/2017
W,EXMO,GYAO039,39,Porthmadog-Barmouth,31/10/2016
W,EXMO,GYBO009A,9A,Caernarfon-BangorviaTesco,01/07/2016
W,EXMO,GYBO086,86,Llanberis-BangorviaDeiniolen,04/01/2016
W,EXMO,GYCO082,82,Caernarfon-Bethel,03/04/2016
W,EXMO,GYCO099,99,Porthmadog-MorfaBychanviaBorthYGest,02/11/2015
W,EXMO,GYEO033A,33A,Dolgellau-Dolgellau,01/04/2017
W,EXMO,GYEO099H,99H,"Porthmadog-PorthmadogviaTremadog,YsbytyAlltwen",01/09/2015
W,FCAL,MGAX005A,X5A,Swansea-Resolven,01/12/2014
W,FCYM,CMAO126,126,AmmanfordBusStation-AmmanfordBusStationviaCwmgwili,05/11/2017
W,FCYM,CMAO127,127,AmmanfordBusStation-AmmanfordBusStationviaGarnswllt,01/09/2015
W,FCYM,CMBB001,B1,BurryPort-BurryPortviaPembrey,01/09/2015
W,FCYM,CMBB021,B21,LlanelliBusStation-FurnacecircularviaLlundainFach,20/09/2015
W,FCYM,FCAO027A,27A,Swansea-RavenhillBusDepotPenlan,03/01/2017
W,FCYM,FCAO034,34,"Swansea-NeathviaBirchgrove,Skewen",03/01/2017
W,NWPT,NTASJ05,SJ5,NashRoad-StJosephHighSchool,03/09/2017
W,NWPT,NTASJ06,SJ6,BarrackHill-StJosephHighSchool,03/09/2017
W,NWPT,NTASJ08,SJ8,FieldsRoad-StJosephHighSchool,03/09/2017
W,NWPT,NTBO002A,2A,Newport-NewportviaGaer,05/03/2017
W,NWPT,NTBO010A,10A,Newport-ChristchurchviaStJulians,15/11/2015
W,NWPT,NTCO017,17,"Newport-MalpasParkviaPiltonVale,RowanWay",30/10/2016
W,OJNS,ANAO052,52,Llanrhuddlad-Llangefni,03/09/2015
W,PACA,CGAT022,T22,Aberystwyth-CwmystwythviaDevil`sBridge,04/09/2015
W,PAOL,FLAD003,D3,Flint-DeesideIndustrialPark,28/09/2015
W,PAOL,FLAO019,19,"Flint-RhylviaHolywell,Prestatyn",10/07/2017
W,PAOL,FLBO126,126,Holywell-Mold,04/09/2017
W,PRPT,DGAO098,98,Llangollen-LlangollenviaLlantysilio,20/07/2016
W,RBRO,CGAX050,X50,Aberaeron-CardiganviaNewquay,04/09/2015
W,RBRO,CMAO615,615,"NewcastleEmlyn-TanglwstviaPenrherber,CapelIwan",06/02/2017
W,REES,GWAO001,1,LlanellyHill-Brynmawr,02/09/2014
W,SELB,SWEO003,3,Neath-Neath,04/09/2017
W,SSWL,CPAA001,A1,Blackwood-BlackwoodASDA,21/07/2013
W,SSWL,CPAO027,27,Blackwood-Bargoed,06/11/2017
W,SSWL,CPBO005A,5A,Blackwood-Trinant,15/01/2017
W,SSWL,CPCO005,5,Blackwood-PantEstate,30/10/2016
W,SSWL,CPDA000,A,Caerphilly-GraigyRhacca,09/04/2017
W,SSWL,GWAO024,24,Blaenavon-Newport,06/08/2017
W,SSWL,GWAO061,61,Abergavenny-UskCollege,28/08/2016
W,SSWL,GWAO080B,80B,Pontypool-Cwmbran,15/01/2017
W,SSWL,GWAO807,807,YsgolGyfunGwynllyw-VartegHill,28/08/2016
W,SSWL,GWAX015,X15,Brynmawr-Newport,06/08/2017
W,SSWL,GWBE002,E2,EbbwVale-HillTop,15/01/2017
W,SSWL,GWBE003,E3,Brynmawr-GarnLydan,22/10/2017
W,SSWL,GWBO001A,1A,Abertillery-AbertilleryviaCwmtillery,22/07/2014
W,SSWL,GWCO016,16,Pantygasseg-Pontypool,28/08/2016
W,SSWL,GWFO002,2,Cwmbran-CwmbranviaCroesyceiliog,31/01/2011
W,SSWL,MGZB000,B,Cardiff-Senghenydd,09/04/2017
W,SSWL,RCAO009,9,Glynhafod-MerthyrTydfil,09/10/2016
W,SSWL,RCAO060,60,Aberdare-Pontypridd,09/04/2017
W,SSWL,RCAO133,133,Porth-Wattstown,23/05/2016
W,SWTR,NPAO121,121,Ystradgynlais-YstalyferaLocalServiceviaAlltygrug,07/09/2015
W,SWTR,NPAO202,202,Neath-BritonFerry,06/06/2017
W,TAFV,CMAO222,222,Pendine-Carmarthen,03/04/2017
W,TANV,PWAO054,54,Oswestry-CefnBlodwel,04/01/2016
W,TANV,PWAO558,558,Montgomery-ShrewsburyviaWorthen,07/09/2015
W,VOEL,GYAO040,40,WaenAberwheeler-Rhyl,18/07/2017
W,WTAX,WTAO017,17,Wrexham-Moss,21/12/2016
W,FCYM,FCAO068,68,"BridgendBusStation-BridgendBusStationviaBryntirion,CefnGlas,YstradFawr",03/01/2017
W,FCYM,FCAO072,72,"Bridgend-BlaengarwviaBrynmenyn,Llangeinor,Pontycymmer",28/08/2015
W,FCYM,FCAPR01,PR1,Carmarthen-ParkandRide,01/09/2015
W,FCYM,FCBL002,L2,"LlanelliBusStation-LlanelliBusStationviaPrincePhillipHospital,SwissValley",01/09/2015
W,FCYM,FCBO907,907,"Coelbren-NeathviaBanwen,SevenSisters,Crynant,NeathCollege",25/09/2017
W,FCYM,FCCO006,6,Swansea-PortTennant,08/01/2017
W,FCYM,FCCO196,196,"Llanelli-CarmarthenviaPontyberem,Llannon",04/09/2017
W,FCYM,FCCX011,X11,"Swansea-CarmarthenviaLlanelli,BurryPort,Kidwelly,Pembrey",10/04/2016
W,FCYM,FCEO059,59,Neath-Pontrhydyfen,03/01/2017
W,FCYM,FCGO042,42,"SwanseaUniversity-MorristonviaSingletonHospital,Cockett,Caereithin",03/04/2017
W,FCYM,FCIO044,44,Swansea-GrenfellParkviaJerseyPark,28/08/2015
W,FCYM,MGZO058,58,Swansea-Banwen,25/09/2017
W,FCYM,SWAO004,4,SingletonHospital-MorristonHospital,24/09/2017
W,FCYM,SWCO013,13,SwanseaBusStation-TownhillCircular,25/09/2016
W,FCYM,TCAT001C,T1C,Cardiff-Aberystwyth,01/09/2015
W,FFOC,CMBB013,B13,Carmarthen-CarmarthenviaTregynnwr,09/06/2015
W,HENL,GWDO003,3,Abertillery-AbertilleryviaAraelView,10/04/2016
W,HRRS,CPCH000,H,Caerphilly-GraigyRhaccalocalservice,01/08/2016
W,HUTC,FLAA000,A,Buckley-BuckleyviaSouthdown,07/07/2012
W,JBVN,GWAO755,755,Lydney-Chepstow,02/09/2013
W,LJCO,CWEO068B,68B,Llanrwst-LlanrwstviaNebo,02/05/2017
W,LJCO,DGBO055,55,Ruthin-Corwen,08/08/2016
W,LLCO,PWAO523,523,Machynlleth-Aberhosan,03/10/2013
W,LLCO,TCAT002,T2,Bangor-Aberystwyth,09/05/2016
W,MHCO,DGAO066,66,Henllan-HenllanviaDenbigh,18/07/2016
W,MRRS,CMAB005,B5,KidwellylocalDial-ride,03/09/2015
W,MRRS,CMAO248,248,HeolCapelIfan-QueenElizabethHighSchool,19/05/2016
W,MRRS,CMAO283,283,Llandeilo-Carmarthen,03/09/2015
W,MWLM,CGAO562,562,Aberystwyth-NewRow,05/09/2016
W,MWLM,CGBO512,512,Ynyslas-AberystwythviaBowStreet,31/10/2016
W,MWLM,MGZO525,525,Llanidloes-Aberystwyth,27/05/2017
W,NADT,MGAC018,C18,Bargoed-BargoedviaGilfachEstate,05/11/2017
W,NADT,MGBO055,55,Neath-Pontneddfechan/MinyrAwel,01/08/2017
W,NADT,PWAO062B,62B,Ystradgynlais-Gurnoscircular,05/12/2016
W,NADT,PWBO064,64,Ammanford-Ystradgynlais,10/04/2017
W,NADT,RCAO104,104,Pontypridd-TescoUpperBoat,12/05/2014
W,NADT,RCAO107,107,Pontypridd-PontypriddviaTrefforest,15/02/2016
W,NADT,RCAO152,152,Tonypandy-TonyrefailviaPenrhiwfer,02/11/2014
W,NADT,SMAO802,802,Ely-BishopofLlandaff/YsgolPlasmawr,03/09/2014
W,NADT,SWCO117,117,Killay-Scurlage,31/03/2015
W,NWPT,NTAJF02,JF2,NewportBusStation-JohnFrostSchool,03/09/2017
W,NWPT,NTAO001B,1B,Newport-Rogerstone,20/08/2017
W,NWPT,NTAO035,35,"Newport-DuffrynCircularviaDocksWay,CardiffRoad",03/09/2017
W,NWPT,NTAO063,63,Newport-Whitson/Wetlands,04/09/2017
W,NWPT,NTAPR00,PR,Newport-XmasPark&Ride,12/11/2016
W,PAOL,FLAD001,D1,Flint-DeesideIndustrialPark,28/09/2015
W,PAOL,FLAO018,18,"Flint-RhylviaHolywell,Prestatyn",10/07/2017
W,PAOL,FLAO125,125,Windmill-MoldCampus,04/09/2015
W,PROT,SMCP001,P1,Bridgend-PorthcawlComprehensive,04/09/2015
W,RBNC,PWAX017,X17,"Rhayader-CardiffviaLlandrindodWells,BuilthWells",04/09/2015
W,RBRO,CGAO551,551,Aberaeron-Cardigan,19/05/2016
W,RBRO,CMAO617,617,"Lampeter-RhydowenviaLlanybydder,Gorsgoch,Talgarreg",06/02/2017
W,RBRO,MGAO688,688,Tregaron-LampeterviaLlangybi,06/02/2017
W,RBRO,PBAO413,413,StDavid`s-Fishguard,09/10/2017
W,RBRO,PBAO643,643,Puncheston-WolfsCastle,20/02/2017
W,SSWL,CPAO002,2,MerthyrTydfil-Bargoed,13/10/2014
W,SSWL,CPAO095A,95A,NewbridgeSchool-Llanhilleth,15/01/2017
W,SSWL,CPBO021,21,Blackwood-Cwmbran,15/01/2017
W,SSWL,CPBO056,56,Tredegar-Newport,15/01/2017
W,SSWL,CPBO151,151,Blackwood-Newport,29/03/2017
W,SSWL,GWAO007,7,Cwmbran-Hollybush,28/08/2016
W,SSWL,GWAO068,68,Cwmbran-UskCollege,28/08/2016
W,SSWL,GWBO045,45,Abergavenny-AbergavennyviaLlwynuEstate,01/09/2015
W,SSWL,GWDX022,X22,EbbwVale-Cwmbran,10/09/2017
W,SSWL,MGAR001,R1,Newport-RiscaviaTySign,30/04/2017
W,1CTL,CMAL028,L28,Maengwynne-BryngwynComp,05/09/2016
W,ACYM,ACAO004B,4B,Bangor-HolyheadviaLlangefni,21/05/2017
W,ACYM,ACAO026,26,GreatOrme-GreatOrme,21/05/2017
W,ACYM,ACAO544,544,ColegMenai-Holyhead,21/05/2017
W,ACYM,ACAX043,X43,Holyhead-Bangor,03/07/2016
W,SSWL,MTBO038,38,MerthyrTydfil-MerthyrTydfilviaTwynyrodyn,13/10/2014
W,SSWL,PWAO040A,40A,Brecon-Pendrecircular,05/09/2016
W,SSWL,RCAO002,2,Aberdare-Aberdare,09/10/2016
W,SSWL,RCAO060A,60A,Aberdare-Pontypridd,09/04/2017
W,SSWL,RCAO095A,95A,Aberdare-Perthcelyn,09/10/2016
W,SSWL,RCAO155,155,Porth-Ferndale,04/12/2016
W,SSWL,RCBO099,99,Pontypridd-Pontypridd,12/08/2016
W,SWTR,NPAO204,204,Neath-Caewathan,05/09/2016
W,SWTR,SWAO256,256,Pontardawe-Neath,03/04/2017
W,VOEL,SMAEAI0,EAI,YsgolEmrysapIwan-Dyserth,05/09/2016
W,ACYM,ADAO013,13,Llandudno-Prestatyn,21/05/2017
W,ACYM,ANAO053,53,Bangor-Glanrafon,08/10/2017
W,ACYM,ANAO057,57,Bangor-Glanrafon,30/10/2016
W,ACYM,ANAO062B,62B,Bangor-Cemaes,21/05/2017
W,ACYM,FLAO003,3,Chester-Mold,05/06/2017
W,ACYM,MGZO011,11,Chester-Holywell,28/05/2017
W,AMID,PWAO740,740,Knighton-Ludlow,02/11/2015
W,BRWL,CMBO107,107,Drefach-Cefneithen,12/10/2014
W,BRWL,CMBO109,109,Drefach-YsgolMaesYrYrfa,12/10/2014
W,CBUS,CBAO061,61,PengamGreen-Pentrebane,03/09/2017
W,CBUS,CBAO094,94,Cardiff-Barry,03/09/2017
W,CBUS,CBAO096,96,Cardiff-Barry,03/09/2017
W,CBUS,CBAO096A,96A,Cardiff-Barry,03/09/2017
W,CBUS,CBAO096S,96S,Cardiff-Barry(College),03/09/2017
W,CBUS,CBAO606,606,SuffolkStreet-YsgolPlasmawr,05/04/2015
W,CBUS,CBIO058,58,"CardiffCityCentre-PontprennauviaAlbanyRoad,Llanedeyrn,Pentwyn,HolidayInn",05/06/2017
W,CBUS,CBKO045,45,CardiffCityCentre-StMellons,05/06/2017
W,DJNS,WRAO005C,5C,Wrexham-Llangollen,01/10/2017
W,DJNS,WRAO009A,9A,Minera-WrexhamviaNewBroughton,26/11/2013
W,DVPA,NPAO167,167,Crynant-Derlwyn,12/09/2016
W,DVPA,NPAX026,X26,Brynamman-Swansea,01/11/2015
W,DVPA,NPBO162,162,MinyrAwel-Glynneath,12/09/2016
W,EAPE,SMAB003,B3,Barry-BarryviaCadoxton,10/04/2017
W,EBRO,PBAO301,301,Haverfordwest-Haverfordwest,01/04/2017
W,EDWC,RCAO400,400,Gwaunmiskin-Cardiff,01/02/2016
W,EFCO,ANCO025,25,Holyhead-AberffrawviaValley,04/07/2014
W,EFCO,ANCO036,36,Llangefni-LlangefniviaPencraig,01/10/2013
W,EFCO,MGAO031,31,Amlwch-AmlwchviaCapelParc,03/04/2017
W,EXMO,CWBO087,87,Caernarfon-CeunantviaWaunfawr,14/04/2017
W,EXMO,GYAO001F,1F,"Penygroes-CaernarfonviaCarmel,YFron(Cesarea)",11/09/2015
W,EXMO,GYAO001M,1M,Penygroes-CaernarfonviaCarmel,11/09/2015
W,EXMO,GYAO005A,5A,Nantlle-BangorviaCaernarfon,03/04/2016
W,EXMO,GYBO038A,38A,BarmouthJubileeRoad-BarmouthJubileeRoadviaBarmouthRailwayStation,01/09/2015
W,EXMO,GYFO083,83,Caernarfon-Deiniolen,03/04/2016
W,EXMO,GYFO088,88,Caernarfon-Llanberis,14/04/2017
W,FCYM,CMAB025,B25,LlanelliBusStation-PenygraigcircularviaParcPemberton,01/09/2015
W,FCYM,CMAO146,146,Ammanford-GarnantcircularviaGlanamman,01/09/2015
W,FCYM,FCAO039,39,Swansea-TycochSquare,03/04/2017
W,FCYM,FCAO073,73,"Bridgend-BlaengarwviaSarn,Bettws,Llangeinor,Pontycymmer",03/04/2017
W,FCYM,FCAO074,74,"Bridgend-NantymoelviaSarn,Bryncethin,Blackmill,OgmoreVale",03/04/2017
W,FCYM,FCAO079,79,BlaencaerauEstate-TurbervilleviaMaesteg,01/08/2016
W,FCYM,FCAO087,87,Neath-MargamviaNeath/PortTalbotHospital,04/09/2017
W,FCYM,FCAO103,103,Llandeilo-Ammanford,01/09/2015
W,FCYM,FCAO502,502,FabianWay-Swansea,01/09/2015
W,FCYM,FCAO967,967,"Glais-SwanseaCollegeviaParcGwernfadog,Penlan",03/04/2017
W,FCYM,FCBO062,62,Pencoed-Bridgend,25/09/2016
W,FCYM,FCBO080,80,Glyncorrwg-Cymmer,02/04/2017
W,FCYM,FCBO165,165,Ammanford-CrossHands,19/05/2014
W,FCYM,FCBO902,902,"NeathCollege-PortTalbotviaBritonFerry,BaglanEst,SandfieldsEst",10/04/2016
W,FCYM,FCBX029,X29,Tycroes-Carmarthen,01/09/2015
W,FCYM,FCEO041,41,MorristonCross-SwanseaUniversityviaSwanseaCollege,08/01/2017
W,FCYM,MGBO014,14,"CraigCefnParc-PennardviaMorriston,SwanseaCityCentre",24/09/2017
W,FCYM,SWAO004A,4A,SingletonHospital-MorristonHospital,24/09/2017
W,FCYM,SWAO020,20,Swansea-DerlwynviaKillay,28/05/2017
W,FCYM,SWAO022,22,"Swansea-ThreeCrossesviaKillay,Dunvant",19/06/2017
W,FCYM,SWCO012,12,SwanseaBusStation-TownhillCircular,08/01/2017
W,FFOC,FFAO282,282,Brechfa-Carmarthen,09/06/2015
W,GOOD,ANBO021,21,HolyheadSummerhill-HolyheadSummerhillviaTreseifion,30/10/2013
W,GWCO,ANBO050,50,Llangefni-Beaumaris,24/04/2017
W,HRRS,GWAE012,E12,Tredegar-TredegarviaDukestown,04/09/2017
W,HRRS,MGAO014,14,Blackwood-Bargoed,31/07/2016
W,HUTC,FLAB000,B,BuckleyRailwayStation-BuckleyRailwayStationviaBuckleyCross,20/07/2014
W,LJCO,FLAO014,14,"Mold-DenbighviaCaerwys,Bodfari",22/07/2016
W,LLCO,MGAO585,585,Lampeter-AberystwythviaTregaron,06/02/2017
W,LLCO,PWAT037,T37,Machynlleth-AberhosanviaForge,02/08/2010
W,MNCC,MGAW005,W5,MonmouthBusStation-MonmouthBusStationviaRockfieldEstate,29/03/2016
W,MRRS,MGAO215,215,CarnarthenBusStation-Llanpumpsaintcircular,07/11/2016
W,NADT,CPBX038,X38,Pontypridd-BargoedviaNelson,26/01/2015
W,NADT,NAAO811,811,YsgolBroEdernCardiff-StIlltydsSchoolCardiff,01/09/2016
W,NADT,NAAO816,816,Pontprennau-LlanishenHighSchool,04/09/2017
W,NADT,NAAO817,817,PontprennauWest-LlanishenHighSchool,04/09/2017
W,NADT,RCAO025,25,"Fernhill-PontypriddviaCefnpennar,MountainAsh,Ynysybwl",02/11/2014
W,NADT,RCAO102,102,Glyncoch-Rhydyfelin,11/07/2016
W,NADT,RCAO121,121,Tonypandy-Blaenrhondda,02/11/2014
W,NADT,RCBO101,101,Pontypridd-PontypriddviaPontypriddSainsbury,11/01/2015
W,NADT,RCCO600,600,Aberdare-Cardiff,10/01/2016
W,NADT,SMAO304,304,Barry-Cardiff,07/05/2017
W,NADT,SMAO813,813,"Lisvane-YsgolGlantafviaLlanishen,Rhiwbina",31/10/2016
W,NADT,SMCO089B,89B,Cardiff-LlandoughviaPenarth,05/06/2017
W,NADT,TCAT006,T6,"Brecon-SwanseaviaYstradgynlais,Neath",10/04/2017
W,NWPT,MGYO060,60,"Monmouth-NewportviaRaglan,Usk,Caerleon",29/03/2016
W,NWPT,NTAO001,1,Newport-Foxgloves,20/08/2017
W,NWPT,NTAO008A,8A,Newport-RinglandviaRingwoodAvenue,24/09/2017
W,NWPT,NTAO028,28,Newport-CaerleonEastfieldRoad,30/10/2016
W,NWPT,NTAO040,40,Newport-RedrowDevelopmentviaPillgwenlly,05/03/2017
W,NWPT,NTAO159,159,Foxgloves-BassalegComprehensiveSchoolviaAfonVillage,02/09/2015
W,NWPT,NTBO018,18,"Newport-MalpasParkviaRowanWay,PiltonVale",30/10/2016
W,NWPT,NTBO034,34,"Newport-CelticSpringsBusinessParkviaCardiffRoad,MorganWay",05/03/2017
W,OWNC,PWAO086C,86C,"NewtownBusStation-NewtownBusStationviaMaesydail,Trehafren",04/09/2015
W,PAOL,FLAO014C,14C,Mold-Holywell,04/09/2015
W,PRTH,MGAO173,173,"Porth-ClydachValeviaPenygraig,Tonypandy",01/11/2016
W,RBRO,CGBO407,407,Cardigan-PoppitSands,04/09/2015
W,RBRO,CMAO616,616,"TempleBar-CwmannviaCribyn,Lampeter",06/02/2017
W,RBRO,PBAO342,342,Haverfordwest-StDavid`s,07/11/2010
W,RBRO,PBBO411,411,Haverfordwest-StDavid`sviaNewgale,09/10/2017
W,RBRO,TCAT005,T5,"Aberystwyth-HaverfordwestviaNewquay,Cardigan",25/09/2017
W,RDWY,NPAO001,1,PortTalbot-Brynbryddan,04/09/2015
W,SARG,PWAO463,463,"LlandrindodWells-HerefordviaNewRadnor,Kington",04/09/2017
W,SSWL,CPAE000,E,Senghenydd-Caerphilly,14/12/2015
W,SSWL,CPAO003,3,MerthyrTydfil-Bargoed,30/01/2017
W,SSWL,CPAX016,X16,Risca-Cardiff,31/07/2016
W,SSWL,CPBO052,52,Blackwood-Abertillery,06/08/2017
W,SSWL,CPCG000,G,Caerphilly-ChurchillPark,31/07/2016
W,SSWL,CPCK000,K,Caerphilly-Caledfryn,30/10/2016
W,SSWL,GWAO010,10,Garndiffaith-Pontypool,28/08/2016
W,SSWL,GWAO080E,80E,Cwmbran-Pontypool,15/01/2017
W,SSWL,GWAO094,94,EbbwVale-Abergavenny,05/11/2017
W,SSWL,GWAO098,98,Abertillery-EbbwVale,01/09/2015
W,SSWL,GWAO801,801,CwmbranEstates-YsgolGyfunGwynllyw,03/01/2017
W,SSWL,GWAX015,X15,Brynmawr-Newport,06/11/2017
W,SSWL,GWDX022,X22,EbbwVale-Cwmbran,06/11/2017
W,SSWL,MGAO039,39,Brecon-HerefordviaHayonWye,06/08/2016
W,SSWL,MGAO150,150,GilfachGoch-Porth,06/01/2017
W,SSWL,MTAO081,81,MerthyrTydfil-Bryngolau,03/11/2014
W,SSWL,RCCO122,122,Tonypandy-Cardiff,04/12/2016
W,SWTR,NPAO239,239,BritonFerry-YsgolBaeBaglan,02/01/2017
W,SWTR,NPAO251,251,Neath-NeathviaGlannantWay,05/09/2016
W,SWTR,SWAO024,24,"Swansea-MorristonHospitalviaBrynhyfrhyd,Caemawr,MorristonCross",24/07/2017
W,TAFV,PBAO351,351,Tenby-PendineviaSaundersfoot,25/07/2016
W,TANV,PWBO081,81,Welshpool-Newtown,07/09/2015
W,TANV,PWCX075,X75,Newtown-Welshpool,07/09/2015
W,TANV,PWEO071A,71A,FourCrosses-Oswestry,07/09/2015
W,TANV,TVAO086A,86A,"NewtownBusStation-NewtownBusStationviaTrehafren,MochdreIndEstate",02/11/2015
W,TNLX,FLAO028A,28A,Wrexham-FlintviaMold,04/01/2017
W,TNLX,FLAO127,127,Holway-Mold,07/09/2015
W,VALT,WRBO064,64,Pengwern-Llangollen,18/07/2016
W,VOEL,DGAPS01,PS1,Prestatyn-Rhyl,25/01/2016
W,VRTR,MTAE079,E79,Merthyr-Treharris,04/01/2016
W,WTAX,WTAO034,34,Wrexham-Trevalyn,10/01/2017
W,1CTL,CMAL035,L35,YsgolStrade-Llwynhendy,20/06/2016
W,ACYM,ACAO004,4,Bangor-Holyhead,08/10/2017
W,ACYM,ACAO004R,4R,Bangor-Holyhead,08/10/2017
W,ACYM,ACAO024,24,ColwynBay-LlandudnoJunction,19/07/2015
W,ACYM,ACAO044,44,Bangor-Holyhead,03/07/2016
W,ACYM,MGAO083,83,Rhyl-RhylCircular,26/03/2017
W,AMID,WRAO002C,2C,Wrexham-CefnMawrviaRuabon,12/08/2014
W,ANSL,GWAO024X,24X,"VartegHill-NewportviaPontypool,Cwmbran",07/09/2017
W,ANSL,GWAX001,X1,"Brynmawr-CwmbranviaAbertillery,Pontypool",04/09/2017
W,ANSL,GWGO003,3,Cwmbran-CwmbranviaLlanyravon,20/03/2017
W,ANSL,MGAW003,W3,MonmouthBusStation-MonmouthBusStationviaWyesham,29/03/2016
W,ANSL,PAAO008B,8B,Cwmbran-UpperCwmbran,20/03/2017
W,BCOL,SWAO592,592,GrenfellPark-CefnHengoedSchool,10/09/2015
W,BERW,GYBO014,14,Pwllheli-Tudweiliog,07/08/2014
W,BJMS,CGAT021,T21,Pontrhydfendigaid-PenglaisCampus,05/09/2016
W,CACH,SMAS049,S49,PontypriddRoad-StRichardGwynneHighSchool,15/10/2014
W,CACH,SMBS014,S14,BroadStreet-BrynHafrenSchool,15/10/2014
W,CATC,GYCO099B,99B,Rhyd-Porthmadog,02/12/2011
W,CBUS,CBAM002,M2,CardiffMETLlandaff-WestGrove,17/09/2017
W,CBUS,CBAO001,1,Origin-Destination,03/09/2017
W,CBUS,CBAO008,8,HeathHospital-CardiffBay,03/09/2017
W,CBUS,CBAO008S,8S,CathaysHighSchool-CardiffBay,30/04/2017
W,CBUS,CBAO012,12,LeckwithRetailPark-Drope,02/06/2017
W,CBUS,CBAO013,13,SportsVillage-Drope,03/09/2017
W,CBUS,CBAO095,95,HeathHospital-BarryIsland,03/09/2017
W,CBUS,CBAO097A,97A,Barry-Barry(Anticlockwise),03/09/2017
W,CBUS,CBAO098,98,HighlightPark-BarryviaMorrisons,03/09/2017
W,CBUS,CBAO604,604,ClareStreet-YsgolPlasmawr,05/04/2015
W,CBUS,CBAX045,X45,CardiffBayASDA-StMellons,03/09/2017
W,CBUS,CBCO006,6,CardiffBay-CardiffviaBaycar,10/09/2017
W,CBUS,CBCX059,X59,Cardiff-CardiffGateBusinessPark,03/09/2017
W,CBUS,CBEO045B,45B,CardiffCityCentre-StMellons,05/06/2017
W,CBUS,CBFO035,35,Cardiff-GabalfaEstate,03/09/2017
W,DJNS,WRAO005,5,WrexhamBusStation-Llangollen,01/10/2017
W,DJNS,WRAO006,6,Wrexham-RuabonviaBersham,06/02/2017
W,DJNS,WRBO141,141,Wrexham-MineraviaCoedpoeth,30/03/2014
W,DJNS,WRCO039,39,Wrexham-WrexhamviaSuttonDrive,01/09/2012
W,DRTM,CMAL025,L25,Bynea-CoedcaeSchool,05/09/2017
W,DVPA,SWGO053,53,Tircoed-Swansea,19/06/2017
W,EAPE,BGAO051B,51B,"Bridgend-BridgendviaHanoverCourt,YstradFawr",15/11/2013
W,EAPE,BGAO052,52,Bridgend-Broadlands,19/12/2013
W,EAPE,SMAO032B,32B,Cardiff-TalbotGreen,04/09/2017
W,EAPE,SMAO088,88,Penarth-Barry,03/04/2017
W,EBRO,PBAO311,311,Haverfordwest-HaverfordwestviaBroadhaven,20/02/2017
W,EXMO,CWCS004,S4,"Caernarfon-PenyPassviaWaunfawr,Beddgelert",14/04/2017
W,EXMO,GYAO533,533,Dolgellau-Aberangell,04/09/2017
W,EXMO,GYAX001,X1,BlaenauFfestiniog-Llandudno,03/04/2017
W,EXMO,MGAS097,S97,Porthmadog-PenyPassviaBeddgelert,14/04/2017
W,EXMO,MGEO001,1,Porthmadog-CaernarfonviaPenygroes,03/04/2017
W,FCYM,BGAO066,66,"Bridgend-CywviaBrackla,Coychurch",03/04/2017
W,FCYM,CMAO126,126,AmmanfordBusStation-AmmanfordBusStationviaCwmgwili,04/09/2017
W,FCYM,FCAL004,L4,Llanelli-Pontarddulais,04/09/2017
W,FCYM,FCAO071,71,"Cymmer-BridgendviaMaesteg,Caerau,Llwydarth,Llangynwyd,Aberkenfig",02/04/2017
W,FCYM,FCAX010,X10,Swansea-CardiffviaBridgendDesignerOutletVillage,24/09/2017
W,FCYM,FCAX050,X50,Swansea-YstradgynlaisviaPontardawe,24/09/2017
W,FCYM,FCBO063,63,"Bridgend-PorthcawlviaPyle,NorthCornelly,SouthCornelly",03/01/2017
W,FCYM,FCCO067,67,"BridgendBusStation-BridgendBusStationviaPenyfai,SarnPO",03/04/2017
W,FCYM,FCCO166,166,Carmarthen-Llanelli,01/09/2015
W,FCYM,FCCX003,X3,"Swansea-MaestegviaPortTalbot,Ynysygwas,Bryn",03/04/2017
W,FCYM,FCDO195,195,"Llanelli-CarmarthenviaCynheidre,Pontyberem",04/09/2017
W,FCYM,FCEO302,302,"WithybushHospital-HubberstonviaHaverfordwest,Johnston,Steynton,MilfordHaven",03/04/2017
W,FCYM,FCFO128,128,Ammanford-LlanelliviaCrossHands,04/09/2017
W,FCYM,FCHO111,111,"Swansea-LlanelliviaGorseinon,PrincePhilipHospital",04/09/2017
W,FCYM,FCHX013,X13,Swansea-AmmanfordviaPontardulais,31/07/2016
W,FCYM,PBDO356,356,MilfordHaven-MonktonviaPembrokeDock,03/04/2017
W,FFOC,CMBB011,B11,Carmarthen-CarmarthenviaParcyffordd,09/06/2015
W,FFOC,CMBB012,B12,Carmarthen-CarmarthenviaGlynderi,09/06/2015
W,GLOB,MTAO028,28,Merthyr-Merthyr,30/10/2013
W,GOOD,ANAO024A,24A,Holyhead-HolyheadviaMorawelon,14/12/2013
W,GOOD,ANFO024,24,"Holyhead-HolyheadviaPenrhos,Morawelon",24/03/2013
W,GPTL,CMACSG2,CSG2,TrostreRoad-GraigCampus,02/09/2014
W,GWCO,ANHO042A,42A,Bangor-MenaiBridge,03/10/2015
W,GWCO,GYGO072A,72A,"ClipaBangor-BangorPierviaCollegeRoad,Garth",03/10/2016
W,HENL,GWGO002,2,AbertilleryPark-AbertilleryComprehenive,10/04/2016
W,HRRS,MGAC009,C9,Bargoed-Caerphilly,01/08/2016
W,HUTC,FLAO021B,21B,"BuckleyRailwayStation-BuckleyRailwayStationviaPrecinct,Southdown",16/05/2016
W,LJCO,DGBX005,X5,Wrexham-Corwen,08/08/2016
W,LJCO,MGAO006,6,Bangor-Bethesda,26/07/2017
W,LLAN,MGAO061,61,Amlwch-Pengorffwysfa,03/04/2017
W,LLCO,GYAO028,28,Tywyn-Dolgellau,04/09/2017
W,LLCO,GYAO034,34,Machynlleth-Aberllefenni,12/10/2014
W,LLCO,GYCO030,30,Dolgellau-Tywyn,16/10/2014
W,LLCO,GYEO029,29,"Tywyn-TywynviaSandilands,Promenade",14/08/2016
W,LLCO,PWBYP02,YP2,Machynlleth-AberystwythSchools,24/08/2013
W,MHCO,DBAO043,43,"Llanfair-PensarnviaAbergele,Belgrano",02/05/2017
W,MHCO,MGAO076,76,Denbigh-LLangwyfanCrossroads,16/01/2017
W,MNPH,CWAO407,407,Dolwyddelan-YsgolDuffrynConwy,20/07/2014
W,MRRS,CMAO227,227,Carmarthen-Llanybri,07/11/2016
W,MRRS,CMAO243,243,Pensarn-QueenElizabethHighSchool,25/05/2016
W,MRRS,CMBO279,279,"Llandeilo-CarmarthenviaCarmel,Llanarthne",03/09/2015
W,MRRS,CMBO284,284,Llandeilo-AmmanfordviaCrugybar,03/09/2015
W,MWLM,CGAT027,T27,Penbontrhydybeddau-Penrhyncoch,03/09/2015
W,MWLM,CGBO003,3,"AberystwythPromenade-AberystwythPromenadeviaAberystwythUniversity,NationalLibrary",26/09/2016
W,MWLM,CGBO526,526,Aberystwyth-Penrhyncoch,31/10/2016
W,NADT,NAAO810,810,StMellons-YsgolBroEdern,01/09/2016
W,NADT,RCAO103,103,Pontypridd-Pontypridd,07/08/2017
W,NADT,RCAO106,106,Pontypridd-capel/OldYnysybwl,16/02/2015
W,NADT,RCAO112,112,OldYnysybwl-Nantgarw,02/01/2015
W,NADT,RCDO108,108,Pontypridd-BeddauviaPenycoedcae,13/07/2013
W,NADT,SMAO806,806,Llanishen-YsgolGlantaf,04/09/2017
W,NADT,SMAO807,807,Ely-BishopofLlandaff/YsgolPlasmawr,01/09/2014
W,NADT,SMBG001,G1,Gabalfa-GarthviaWhitchurch,04/06/2017
W,NADT,SMCO010,10,Cardiff-WentloogIndustrialPark,04/10/2013
W,NADT,SWBO145,145,Swansea-Morriston,24/09/2017
W,NADT,TCAT006A,T6A,Ynyswen-Ystradgynlais,10/04/2017
W,NADT,TCAT009,T9,CardiffAirport-Cardiff,01/11/2017
W,NWPT,GWCC003,C3,Chepstow-ChepstowviaThornwell,29/03/2016
W,NWPT,NTAO006A,6A,Newport-Alway,01/01/2017
W,NWPT,NTAO008C,8C,Newport-RinglandviaLlanwernRoad,24/09/2017
W,NWPT,NTAO015,15,Newport-BettwsviaMonnowWay(anticlockwise),23/04/2017
W,NWPT,NTAO036,36,"Newport-DuffrynCircularviaCardiffRoad,DocksWay",03/09/2017
W,NWPT,NTAO073,73,Newport-ChepstowviaLangstone,03/09/2017
W,NWPT,NTAX030,X30,Newport-CardiffExpress,30/04/2017
W,OWNC,PWAO086B,86B,"NewtownTownService-BarnsfieldviaHospital,Morrisons",04/09/2015
W,PRPT,GYAO072,72,Ruthin-BettwsGG,19/07/2016
W,PRPT,GYAO077,77,Ruthin-RuthinviaRhydymeudwy,18/07/2016
W,RBRO,CGCO552,552,Cardigan-QuayWestviaAberporth,25/09/2017
W,RBRO,CMAO612,612,"Ponttyweli-NewcastleEmlynviaLlandysul,Penrhiwllan,Llandyfriog",04/09/2015
W,RBRO,CMAO613,613,"Saron-LlandysulviaPentre,cwrt",06/02/2017
W,RBRO,PBAO405,405,Cardigan-Newport'PoppitRocket',25/09/2017
W,RBRO,PBAO410,410,FishguardSquare-FishguardSquareviaFishguardHarbour,03/07/2017
W,RDWY,NPDO066,66,PortTalbot-Goytre,04/09/2015
W,RJJT,CGAYP22,YP22,Devil'sBridge-AberystwythviaCapelSeion,05/09/2016
W,SARG,PWAO461,461,"LlandrindodWells-HerefordviaNewRadnor,Kington",04/09/2017
W,SARG,PWCO041,41,"Lloyney-KingtonviaKnucklas,Knighton,Presteigne",04/09/2017
W,SSWL,CPAO001,1,MerthyrTydfil-Bargoed,31/07/2016
W,SSWL,GWAX003,X3,"Hereford-CardiffviaAbergavenny,Pontypool,Cwmbran",06/08/2017
W,SSWL,GWAX024,X24,Blaenavon-Newport,06/08/2017
W,SSWL,GWBE003,E3,Brynmawr-GarnLydan,05/11/2017
W,SSWL,GWBO006,6,Cwmbran-TyCanol,22/10/2017
W,SSWL,MGZO124,124,Maerdy-Cardiff,30/04/2017
W,SSWL,MGZX000,X,Senghenydd-Cardiff,09/04/2017
W,SSWL,MTAO027,27,"Twyncarmel-TwyncarmelviaMerthyrTydfil,PrinceCharlesHospital",14/12/2015
W,SSWL,PWBO040C,40C,Brecon-Brecon,21/09/2015
W,SSWL,RCAO011A,11A,Aberdare-Cwmdare,09/10/2016
W,SSWL,RCAO013A,13A,Aberdare-Cwmbach,04/01/2016
W,SSWL,SMAO136,136,Creigiau-Cardiff,30/04/2017
W,SSWL,TCAT004,T4,"Newtown-CardiffviaLlandrindodWells,BuilthWells,Brecon,MerthyrTydfil",08/07/2017
W,STCR,FLAO001,1,Mold-Ruthin,05/06/2017
W,SWTR,NPAO241,241,NeathCollege-Caewathan,31/10/2016
W,SWTR,NPAO252,252,Neath-NeathviaWesternmoor,07/09/2015
W,SWTR,NPBO153,153,Neath-Fairyland,07/09/2015
W,SWTR,SWAO009,9,Swansea-SwanseaviaCwmdonkin,05/09/2016
W,TANV,PWAO074,74,Llanfyllin-ShrewsburyviaCrewGreen,24/09/2016
W,TANV,PWAO079,79,"Llangynog-OswestryviaLlanrhaeadr,Llynclys",05/06/2017
W,TANV,PWAX071,X71,Welshpool-Oswestry,13/02/2017
W,1CTL,CMAL016,L16,Llangennech-StJohnLloydSchool/StMary'sSchool,04/09/2017
W,1CTL,CMBL021,L21,SandyRoad-CoedcaeSchool,02/09/2014
W,ACYM,ACAO004A,4A,Bangor-Holyhead,08/10/2017
W,ACYM,ACAO004X,4X,Bangor-HolyheadviaLlangefniIndustrialEstate,21/05/2017
W,ACYM,ACAO005,5,Llandudno-Bangor,08/10/2017
W,ACYM,ACAO012,12,Wrexham-Brymbo,08/11/2015
W,ACYM,ACAO025,25,Eglwysbach-Llandudno,21/05/2017
W,ACYM,ACAO067B,67B,Bangor-Gerlan,08/10/2017
W,ACYM,ACAO078,78,BangorBusStation-Maesgeirchen,08/10/2017
W,ACYM,ACAO078A,78A,Bangor-Bangor,04/01/2014
W,ACYM,ACAX004,X4,Bangor-Holyhead,08/10/2017
W,ACYM,ACBO008,8,Wrexham-WrexhamviaQueensPark,08/11/2015
W,ACYM,ACBO012,12,ChesterBusExchange-Connah'sQuay,09/04/2017
W,ACYM,ADAO011G,11G,Holywell-Rhyl,28/05/2017
W,ACYM,ANAO053,53,Bangor-Llanddona,30/10/2016
W,ACYM,ANAO057,57,Bangor-Glanrafon,08/10/2017
W,ACYM,ANAO058L,58L,Glanrafon-Bangor,08/10/2017
W,ACYM,DGAO052,52,Rhyl-Denbigh,03/09/2017
W,ACYM,FLADB01,DB1,MoldBusStation-ChesterviaLoveStreet,09/04/2017
W,ACYM,FLADB04,DB4,Chester-DeesideIndustrialEstate,09/04/2017
W,ACYM,FLAO004,4,Chester-Mold,05/06/2017
W,ACYM,FLAO004S,4S,Chester-Mold,05/06/2017
W,ACYM,MGAX051,X51,Denbigh-WrexhamviaRuthin,03/09/2017
W,ACYM,WRDO011,11,Wrexham-Minerva,25/06/2017
W,ANSL,GWAA001,A1,Brynmawr-Abertillery,04/09/2017
W,ANSL,GWBO063,63,"Cwmbran-ChepstowviaPontypool,Usk",29/03/2016
W,BERW,GYBO017,17,Pwllheli-Aberdaron,21/08/2013
W,BERW,GYBO023A,23A,Pwllheli-Pwllheli,16/10/2014
W,BERW,GYEO018,18,"Pwllheli-AbersochviaLlanbedrog,SarnBach,Bwlchtocyn",24/01/2014
W,CACB,CBAO051,51,"CardiffCityCentre-CardiffCityCentreviaLlanederyn,Pentwyn,Cyncoed,HeathHospital",05/06/2017
W,CACB,CBAO056,56,Cardiff-Penylan,03/09/2017
W,CACH,SMAS051,S51,Llandough-StRichardGwynneHighSchool,15/10/2014
W,CBUS,CBAO021X,21X,Rhiwbina-BirchgroveShuttle,28/08/2017
W,CBUS,CBAO094S,94S,Cardiff-Barry,03/09/2017
W,CBUS,CBAO095A,95A,Cardiff-Penarth(Circular),04/06/2017
W,CBUS,CBAO502,502,CountyHall-CardiffCityCentre,19/12/2016
W,CBUS,CBAO530,530,StMellons-RumneyHighSchool,05/04/2015
W,CBUS,CBAO608,608,LoudounSquare-FitzalanSchool,02/08/2015
W,CBUS,CBEO025,25,"CardiffCityCentre-CardiffCityCentreCircularviaLlandaff,Whitchurch",05/06/2017
W,CELT,PWCO048,48,BuilthWells-BuilthWellsviaLlanwrtydWells,31/07/2017
W,CON2,CPCL000,L,Caerphilly-Nantdducircular,30/08/2016
W,CON2,MGAJ000,J,Rudry-Caerphilly,29/08/2016
W,DCOL,CMAL020,L20,Llangennech-BryngwynSchool,04/09/2017
W,DJNS,WRAO042,42,Wrexham-WrexhamIndustrialEstateviaStockwellGrove,18/07/2016
W,DJNS,WRBO009,9,Wrexham-MineraviaNewBroughton,30/03/2014
W,DJNS,WRCJ050,J50,Acrefair-Wrexham,12/10/2014
W,DRTM,CMAL024,L24,SandyRoad-YsgolBryngwyn,05/09/2016
W,DVPA,NPAX005,X5,Neath-Glynneath,31/05/2011
W,DVPA,SWAO026,26,Swansea-Fforesthall,02/09/2015
W,EAPE,BGAO051,51,Bridgend-BridgendviaOaklands,15/11/2013
W,EAPE,BGBO081,81,"Penyfai-BridgendviaCoity,Brackla",03/04/2017
W,EBRO,PBAO313,313,"Haverfordwest-WistonviaCrundale,ClarbestonRoad",01/04/2017
W,EDWC,RCAO090,90,Gwaunmiskin-PontypriddviaUpperChurchVillage,08/07/2015
W,EFCO,MGAO032,32,Llangefni-AmlwchviaLlanerchymedd,24/04/2017
W,EXMO,GYAO033,33,Dolgellau-Machynlleth,04/09/2017
W,EXMO,GYAS002,S2,"Llanberis-LlanrwstviaPen,y,Pass,Betws,y,Coed",06/11/2017
W,EXMO,GYAX001,X1,BlaenauFfestiniog-Llandudno,06/11/2017
W,EXMO,GYDO091,91,Caernarfon-DinasDinlle(MaesAwyr/Airport),08/09/2015
W,EXMO,GYGO085,85,Llanberis-BangorviaDeiniolen,04/01/2016
W,FBRI,NPAX007,7XP,Bristol-Newport,30/04/2017
W,FCYM,BGAO065,65,"Bridgend-TalbotGreenviaBryncethin,Heol,y,Cyw,Llanharran",03/04/2017
W,FCYM,CMAO145,145,"AmmanfordBusStation-AmmanfordBusStationviaGlanamman,Garnant",01/09/2015
W,FCYM,FCAL003,L3,Llanelli-PontarddulaisviaPrincePhilipHospital,04/09/2017
W,FCYM,FCAO082,82,"GoldenAvenue-PortTalbotviaFairway,AberavonBeach",03/04/2017
W,FCYM,FCAO088,88,"Neath-PortTalbotviaBritonFerry,Neath/PortTalbotGeneralHospital",03/04/2017
W,FCYM,FCAO908,908,CroeserwTudorPark-NeathCollege,01/02/2017
W,FCYM,FCAS056,S56,CemeteryRoad/Litchard-BryntegComprehensiveSchoolviaWildmill,03/04/2017
W,FCYM,FCBO017,17,Swansea-WaunarlwyddviaCockett,20/09/2015
W,FCYM,FCCO003,3,Oystermouth-Swansea,02/11/2014
W,FCYM,FCCO057,57,Swansea-NeathviaBritonFerry,24/09/2017
W,FCYM,FCCO129,129,Ammanford-Carmarthen,01/09/2015
W,FCYM,FCCO963,963,"Newton-SwanseaCollegeviaCaswell,Oystermouth,WestCross,Blackpill",03/04/2017
W,FCYM,FCCX058,X58,Swansea-Banwen,25/09/2017
W,FCYM,FCEO349,349,"Haverfordwest-TenbyviaJohnston,Neyland,PembrokeDock,Pembroke",13/04/2017
W,FCYM,FCHO032,32,Swansea-NeathviaBirchgrove,24/09/2017
W,FCYM,FCIX001,X1,"Swansea-BridgendviaPortTalbot,Pyle",03/01/2017
W,FCYM,SWAO002A,2A,Swansea-NewtonRoadviaOystermouth,28/05/2017
W,FCYM,SWAO020A,20A,Swansea-HendrefoilanWoodsviaKillay,03/01/2017
W,FCYM,SWAO021A,21A,"Swansea-PriorsWayviaKillay,Dunvant",28/05/2017
W,FCYM,SWAO031,31,"Swansea-MorristonviaBonymaen,Trallwn",24/09/2017
W,FCYM,TCAT001,T1,Cardiff-Aberystwyth,01/09/2015
W,GLOB,RCAO003,3,"Penrhiwceibersurgery-PenrhiwceibersurgeryviaMountainAsh,Caegarw",21/10/2014
W,GWCO,GYGO073,73,"Bangor-BangorviaMinffordd,YFelinheli",03/10/2016
W,HENL,GWDO001,1,"Abertillery-AbertilleryviaCwmtillery,Brynithel",10/04/2016
W,HRRS,CPAO004,4,YsbytyYtsradFawr-Tredegar,01/08/2016
W,HRRS,CPDO011,11,Blackwood-GelligaerviaCefnHengoed,06/08/2014
W,HRRS,CPDO020,20,Rhymney-Tredegar,04/09/2017
W,HRRS,GWCO097,97,Ysguborwen-Tredegar,12/10/2014
W,HRRS,MGAC016,C16,Caerphilly-NelsonviaYstradMynach,01/08/2016
W,JAEV,CGCT021,T21,Tregaron-Aberystwyth,05/05/2017
W,JOHN,GYBO002,2,Barmouth-BangorviaOakeleyArms,13/08/2017
W,LJCO,CWAO019,19,"Llandudno-CwmPenmachnoviaLlanrwst,BetwsyCoed",21/07/2017
W,LJCO,CWEO068D,68D,Llanrwst-Llanrwst,02/05/2017
W,LJCO,GYAX019,X19,BlaenauFfestinog-Llandudno,02/05/2017
W,LLCO,PWAO036,36,Machynlleth-DinasMawddwy,21/10/2014
W,LLCO,PWAYP04,YP4,Machynlleth-AberystwythSchools,21/01/2015
W,LLCO,PWAYP08,YP8,Borth-BowStreet,24/08/2013
W,MHCO,MHAO021,21,"ColwynBay-AbergeleviaBetwsynRhos,RhydYFoel",03/05/2016
W,MRRS,CMAC012,C12,Trevaughan-YsgolBroMyrddin,23/05/2016
W,MRRS,CMAO246,246,Carmarthen-QueenElizabethHighSchool,20/10/2015
W,MRRS,CMCO225,225,Tre-Carmarthen,04/09/2017
W,MRRS,MGAO226,226,Carmarthen-JohnstownCircularviaDaviesEstate,03/09/2015
W,MWLM,MGAO588,588,"Aberystwyth-BwlchllanviaLlanfarian,Penuwch,Tregaron",06/02/2017
W,NADT,NAAO815,815,Llanrhymney-YsgolBroEdern,01/09/2016
W,NADT,NAAO820,820,Llanederyn-LlanishenHighSchool,04/09/2017
W,NADT,NAAX005,X5,Ringland-Cardiff,04/09/2017
W,NADT,RCDO002,2,TyRhiw-TaffsWellPrimarySchool,12/09/2014
W,NADT,SMAO905,905,RhooseRailwayStation-CardiffInternationalAirport,07/08/2013
W,NADT,SWAO115,115,Llangennith-PortEynon,03/01/2017
W,NWPT,GWCC002,C2,Chepstow-ChepstowviaBulwark,29/03/2016
W,NWPT,MGZX074,X74,Newport-ChepstowviaCaldicot,05/03/2017
W,NWPT,NTAJF03,JF3,QueensHill-JohnFrostSchool,03/09/2017
W,NWPT,NTAO042,42,Newport-SpyttyParkviaMoorlandPark,27/12/2016
W,NWPT,NTAO073,73,Newport-ChepstowviaLangstone,05/03/2017
W,NWPT,NTASJ03,SJ3,VictoriaAvenue-StJosephHighSchool,03/09/2017
W,NWPT,NTASJ07,SJ7,WesternAvenue-StJosephHighSchool,03/09/2017
W,NWPT,NTASJ09,SJ9,MalpasRoad-StJosephHigh,03/09/2017
W,NWPT,NTASJ11,SJ11,Pillgwenlly-StJosephHighSchool,03/09/2017
W,NWPT,NTBO006,6,"Newport-RinglandviaAlway,Maindee",01/01/2017
W,NWPT,NTBO010C,10C,Newport-ChristchurchviaStJulians,15/11/2015
W,OWNC,MGAO088,88,Welshpool-WelshpoolviaBorfaGreen,05/12/2016
W,PAOL,FLAD002,D2,Connah'sQuay-DeesideIndustrialPark,28/09/2015
W,PATS,WRAPC01,PC1,Southsea-LlayIndustrialEstate,04/09/2015
W,PRTH,TRAO047,47,"TalbotGreen-TalbotGreenShoppingParkCircularviaFanheulog,CrossInn,ForestHillEstate",04/04/2017
W,RBRO,CGEO406,406,Cardigan-Cardigan,24/04/2017
W,RBRO,CMBO441,441,NewcastleEmlyn-Carmarthen,04/09/2015
W,RBRO,PBAO430,430,"Cardigan-NarberthviaCilgerran,Crymych",03/04/2017
W,RBRO,PBAO644,644,Rosebush-ClarbestonRd,20/02/2017
W,RBRO,PBAO645,645,Maenclochog-Letterston,20/02/2017
W,SSWL,CPAF000,F,Caerphilly-MorningtonMeadows,14/12/2015
W,SSWL,CPAO026,26,Cardiff-Blackwood,27/12/2016
W,SSWL,CPAO095C,95C,NewbridgeSchool-Llanhilleth,15/01/2017
W,SSWL,CPAO096,96,Tredegar-Crosskeys,03/09/2017
W,SSWL,CPAR002,R2,Pontymister-Rogerstone,20/08/2017
W,SSWL,GWAO047,47,Llanellen-UnderhillCrescentviaAbergavenny,14/09/2015
W,SSWL,GWAO066,66,Blaenavon-UskCollege,28/08/2016
W,SSWL,GWAX074,X74,Abergavenny-Crosskeys,02/08/2016
W,SSWL,GWBO006,6,Cwmbran-TyCanol,09/04/2017
W,SSWL,GWBO802,802,CwmbranEstates-YsgolGyfunGwynllyw,03/01/2017
W,SSWL,MGAC018,C18,Bargoed-BargoedviaGilfachEstate,31/07/2016
W,SSWL,MGAO009,9,Blackwood-Penllwyn,31/07/2016
W,SSWL,MGZO005A,5A,Cwmbran-Cwmbran,22/10/2017
W,SSWL,MGZO005C,5C,Cwmbran-Cwmbran,22/10/2017
W,SSWL,MGZO015,15,Trevethin-Newport,30/04/2017
W,SSWL,MTAO026,26,MerthyrTydfil-MerthyrTydfilviaTrefechan,14/12/2015
W,SSWL,RCAO138,138,Porth-PorthCircularviaTrehafod,04/12/2016
W,SSWL,RCAO170,170,Blaenllechau-ClydachVale,04/12/2016
W,SSWL,RCBO006,6,Aberdare-MerthyrTydfil,04/01/2016
W,SSWL,RCBO137,137,Porth-PorthCircularviaCoronationTerrace,04/12/2016
W,SSWL,RCBO172,172,Aberdare-Porthcawl,28/09/2017
W,SSWN,GWCO034,34,"Monmouth-RossonWyeviaWhitchurch,Goodrich",26/05/2015
W,STCR,FLAO016,16,Chester-Saltney,03/09/2017
W,STCR,FLASP01,SP1,EllesmerePort-Mold,19/09/2016
W,STCR,FLBO002,2,Mold-Ruthin,05/06/2017
W,SWTR,NPAO212,212,Ynysgorgan-CwmtaweSchool,02/01/2017
W,SWTR,NPBO150,150,Neath-LeirosPark,07/09/2015
W,SWTR,NPBO155,155,Neath-LlandarcyVillage,07/09/2015
W,TAFV,PBAO322,322,"Carmarthen-HaverfordwestviaStClears,Whitland,Narberth",01/04/2017
W,TAFV,PBAO352,352,Tenby-KilgettyviaSaundersfoot,04/09/2017
W,TANV,PWAO072,72,Llanfyllin-Oswestry,05/06/2017
W,TANV,PWBO088,88,Welshpool-Welshpool,07/09/2015
W,TFNL,BGBO152,152,Sarn-AberkenfigSchools,07/09/2015
W,TFNL,BGBO265,265,KenfigHill-PorthcawlComprehensiveSchool,07/09/2015
W,TNLX,FLAO006A,6A,Mold-Pantymwyn,29/02/2016
W,TNLX,FLAO028,28,Wrexham-FlintviaMold,04/09/2017
W,TNLX,FLAO028X,28X,Wrexham-FlintviaMold,04/09/2017
W,VRTR,CPCO901,901,Blackwood-YstradMynachStation,02/10/2017
W,VRTR,MTAS080,S80,Merthyr-Treharris,04/01/2016
W,WACO,SMAS040,S40,StAthan-LlantwitMajorComprehensiveSchool,08/09/2015
